company_ticker,company_name,url,title,author,date_published,word_count,text,headcount_change_confidence,explicit_headcount_change_ind,headcount_change_amount,months_to_headcount_change_completion
AJG,Arthur J Gallagher & Co,https://assuredpartners.co.uk/arthur-j-gallagher-co-signs-agreement-to-acquire-assuredpartners/,Arthur J. Gallagher & Co. Signs Agreement to Acquire AssuredPartners - AssuredPartners UK,Megan Thompson,2024-12-09,1031,"ROLLING MEADOWS, Ill., Dec. 9, 2024 /PRNewswire/ — Arthur J. Gallagher & Co. today announced it has signed a definitive agreement to acquire AssuredPartners. The transaction is subject to customary regulatory approvals and is expected to close during the first quarter of 2025.
“We have held in high regard the fast-growing AssuredPartners franchise since its founding in 2011. AssuredPartners’ entrepreneurial spirit, broad U.S. footprint and middle-market focus make them an ideal merger partner for Gallagher. By further leveraging our deep industry verticals, investments in data and analytics, access to specialty products, our common systems and standardized service model, together we can provide even more value to clients and further position Gallagher for future growth,” said J. Patrick Gallagher, Jr., Chairman and CEO. “I look forward to welcoming the 10,900 AssuredPartners colleagues to our growing Gallagher family of professionals.”
Randy Larsen, CEO of AssuredPartners added: “This marks a significant milestone in AssuredPartners’ journey, showcasing the outstanding business we’ve built and strong growth we’ve experienced in just over a decade. With Gallagher, we bring together not only unparalleled global resources and expert insights but also a team of exceptional employees whose expertise and dedication have been the driving force behind our success. I am excited for our future together.”
“When we started AssuredPartners, I could never have imagined how far we would come. What started as a small team with a big vision has grown into an extraordinary organization, built on a foundation dedicated to our clients, our culture, and our people,” said Jim Henderson, Chairman of AssuredPartners. “I have watched the Gallagher culture thrive throughout my career. With Gallagher’s mutual client first mindset and underlying entrepreneurial spirit, I believe our employees, our clients, and our trading partners will be well served by putting these two amazing companies together.”
Benefits of the acquisition are expected to include:
Further expanding Gallagher’s retail middle-market property/casualty and employee benefits focus across the U.S.
-
Building on new business opportunities by leveraging Gallagher’s expertise, data and analytics and expansive product offerings
-
Deepening Gallagher’s capabilities across multiple niche practice groups, including Transportation, Energy, Healthcare, Government Contractors and Public Entity
-
Expanding the reach of Gallagher’s tuck-in M&A strategy
-
Creating opportunities for Gallagher’s wholesale, reinsurance and claims management businesses
-
Adding scale, expertise and talent to Gallagher in the U.K. and Ireland
-
Combining two highly compatible entrepreneurial, sales-based cultures, embedded in local communities and focused on growth and client service
-
Adding highly seasoned, experienced and proven insurance industry leaders to the Gallagher team
-
Financially attractive, with estimated double digit adjusted EPS accretion including the impact of synergies
-
Acquired Operations
Founded in 2011 by GTCR, a leading private equity firm, in partnership with Jim Henderson, today AssuredPartners is a leading U.S. insurance broker with client capabilities across commercial property/casualty, specialty, employee benefits and personal lines. AssuredPartners’ 10,900 colleagues serve a wide range of customers including commercial, public entity and individuals, through approximately 400 offices located across the U.S., the U.K. and Ireland. Pro forma revenues and EBITDAC for the trailing 12 months ended September 30, 2024 were approximately $2.9 billion and $938 million, respectively.
Key Transaction Terms
Under the agreement, Gallagher will acquire the stock of AssuredPartners’ parent company from GTCR and funds advised by Apax Partners LLP for gross consideration of $13.45 billion, representing a pro forma EBITDAC multiple of 14.3x. After giving effect to an estimated $1.0 billion deferred tax asset, net consideration is approximately $12.45 billion. The net consideration EBITDAC multiple is 11.3x after giving effect to the deferred tax asset and estimated synergies.
Gallagher expects to finance the transaction using a combination of long-term debt, short-term borrowings, free cash and common equity. The final funding does not inhibit Gallagher from continuing its ongoing tuck-in M&A strategy and contemplates Gallagher maintaining its current solid investment grade debt rating.
Gallagher also expects to recognize synergies of approximately $160 million and integration costs of approximately $500 million, including $200 million of non-cash retention awards, over the next 3 years.
After giving effect to these assumptions, the pro forma results discussed above and the impact of expected synergies, the acquired operations would have been approximately 10 to 12% accretive to Gallagher’s trailing twelve month adjusted GAAP EPS as of September 30, 2024.
Other Acquisition Transaction Information
The transaction is subject to customary regulatory approvals. More information, including a presentation outlining the transaction, can be found on the company’s website at www.ajg.com. The estimates provided in this release and the presentation on the company’s website, may be updated before the transaction closes as more information becomes available.
Conference Call Information
In conjunction with this announcement, J. Patrick Gallagher, Jr., Chairman and CEO, will host a conference call on Monday, December 9, 2024 at 8:30 am ET/ 7:30 am CT.
The conference call will be broadcast live through Gallagher’s website at www.ajg.com and a conference call replay will be available on the company’s website approximately two hours after the broadcast. The replay can be accessed by going to Investor Relations and clicking on Events & Presentations.
About Arthur J. Gallagher & Co.
Arthur J. Gallagher & Co. (NYSE:AJG), a global insurance brokerage, risk management and consulting services firm, is headquartered in Rolling Meadows, Illinois. Gallagher provides these services in approximately 130 countries around the world through its owned operations and a network of correspondent brokers and consultants.
*The complete press release can be found at: www.ajg.com.
Related articles
Arthur J. Gallagher & Co. Closes Acquisition of AssuredPartners
AssuredPartners, a Gallagher company, is a global insurance brokerage with locations and expertise in the United States, the United Kingdom, and Ireland.
AssuredPartners announces the acquisition of City Financial Marketing Group
AssuredPartners, a leading insurance broker in the United States, UK and Ireland is excited to announce the acquisition of Dublin-based City Financial Marketing Group Limited (“CFM”). The transaction, which is subject to customary regulatory approval, is anticipated to complete in April 2025.
Salus: The Unique Charity Solution from AssuredPartners
At AssuredPartners, we’ve always believed in tailoring insurance and risk solutions to meet the specific needs of the sectors we serve. After extensive research into the intrinsic connection between risk management and insurance, we are proud to introduce Salus.",10,true,10900,3
AJG,Arthur J Gallagher & Co,https://www.prnewswire.com/news-releases/arthur-j-gallagher--co-announces-agreement-to-acquire-buck-301707252.html,Arthur J. Gallagher & Co. Announces Agreement To Acquire Buck,Arthur J Gallagher; Co,2022-12-20,1299,"News provided by
Arthur J. Gallagher & Co.Dec 20, 2022, 09:09 ET
ROLLING MEADOWS, Ill., Dec. 20, 2022 /PRNewswire/ -- Arthur J. Gallagher & Co. (NYSE: AJG) today announced an agreement to acquire the partnership interests of BCHR Holdings, L.P., dba Buck. The transaction is expected to close during the first half of 2023, subject to customary regulatory approvals.
Buck is a leading provider of retirement, HR and employee benefits consulting and administration services. The organization has a long history, dating back more than 100 years, with a diverse client base by both size and industry. With over 2,300 employees, including more than 220 credentialed actuaries, Buck primarily serves customers throughout the US, Canada and the UK.
""Providing a comprehensive suite of products and services that allows employers to attract, engage and retain talent is at the heart of Gallagher Benefit Services' mission and our global Gallagher Better Works value proposition,"" said J. Patrick Gallagher, Jr., Chairman, President and CEO. ""Through the complementary strengths of Buck's defined benefit offerings, investment consulting, digital employee engagement platform and international footprint, the acquisition will broaden, deepen and enhance our client offerings. I look forward to welcoming the 2,300 new colleagues joining us as part of this transaction to our growing Gallagher family of professionals.""
Benefits of the acquisition are expected to include:
Expanding Gallagher's value proposition within retirement, benefits & HR consulting, administration, and technology
-
Enhancing and deepening Gallagher's broad suite of professional services including: defined benefits consulting, plan administration, defined contribution and executive benefit consulting, investment consulting, benefits strategy, compliance, employee engagement consulting and total rewards optimization
-
Adding ""bSuite,"" a leading, proprietary software platform for benefits administration and employee engagement
-
Potential cross-selling opportunities across current benefits and property & casualty clients
-
Combining similar sales cultures, both focused on outstanding client service, employee engagement and innovation
-
Deepening the employee benefits management team.
-
Financial Terms
Under the agreement, Gallagher will acquire the partnership interests of BCHR Holdings, L.P. and its subsidiaries, for a gross consideration of $660 million or approximately $585 million net of agreed seller funded expenses and net working capital. Gallagher expects to fund the transaction via free cash flow and short-term borrowings. The transaction is estimated to be approximately 2% accretive to adjusted diluted earnings per share over the trailing twelve month period ended September 30, 2022, assuming expense synergies discussed below.
Prior to expected expense synergies of approximately $20 million, Buck's pro forma adjusted trailing twelve month revenues and EBITDAC ending September 30, 2022 were approximately $280 million and $34 million, respectively. Including synergies, the purchase multiple is approximately 10.8x of trailing twelve month September 30, 2022 pro forma adjusted EBITDAC, or 13.1x including expected integration expense of approximately $125 million.
About Arthur J. Gallagher & Co.
Arthur J. Gallagher & Co. (NYSE:AJG), a global insurance brokerage, risk management and consulting services firm, is headquartered in Rolling Meadows, Illinois. Gallagher provides these services in approximately 130 countries around the world through its owned operations and a network of correspondent brokers and consultants.
Information Regarding Forward-Looking Statements
This press release contains ""forward-looking statements"" within the meaning of the Private Securities Litigation Reform Act of 1995. Such statements relate to expectations or forecasts of future events and use words such as ""anticipate,"" ""believe,"" ""estimate,"" ""expect,"" ""contemplate,"" ""forecast,"" ""project,"" ""intend,"" ""plan,"" ""potential,"" and other similar terms, and future or conditional tense verbs like ""could,"" ""may,"" ""might,"" ""see,"" ""should,"" ""will"" and ""would."" Examples of forward-looking statements in this press release include, but are not limited to, statements regarding the expected timing of the completion of the Buck acquisition, the benefits of the proposed acquisition with respect to our client offerings and value proposition, among other expected benefits, the expected consideration to be paid, the expected revenue, EPS and EBITDAC impacts of the acquisition, the expected expense synergies, required regulatory approvals, the expected expense of integration, and the anticipated methods of financing the acquisition. Forward-looking statements are not guarantees of future performance and they involve risks, uncertainties and assumptions. Our future performance and actual results or outcomes may differ materially from those expressed in such forward-looking statements. Many of the factors that will determine these results are beyond our ability to control or predict. Accordingly, you should not place undue reliance on forward-looking statements, which speak only as of, and are based on information available to us on, the date on which they are made.
Such risks and uncertainties that could cause actual results to differ materially from our published expectations include, among others, (a) risks related to the integration of Buck into our company; (b) the possibility that the proposed acquisition is not completed when expected or at all because required regulatory approvals are not received or other conditions to the closing are not satisfied on a timely basis or at all; (c) the risk that our free cash flow is insufficient, or the financing required to fund the proposed transaction is not obtained on the terms anticipated or at all; (d) potential adverse reactions or changes to business or employee relationships, including those resulting from the announcement or completion of the acquisition; (e) the possibility that the anticipated benefits of the acquisition, including expense synergies, are not realized when expected or at all, including as a result of the impact of, or issues arising from, the integration of the acquired operations into our company; (f) the possibility that the acquisition may be more expensive to integrate than anticipated, including as a result of unexpected factors or events; (g) diversion of management's attention from ongoing business operations and opportunities; (h) the inability to retain certain key employees of the acquired operations or Gallagher; (i) competitive responses to the acquisition; (j) uncertainties as to the timing of the completion of the acquisition and the ability of each party to consummate the acquisition; and (k) additional factors discussed in the section entitled ""Information Concerning Forward-Looking Statements"" in Gallagher's Quarterly Report on Form 10-Q for the quarterly period ended September 30, 2022 and ""Risk Factors"" in Gallagher's Annual Report on Form 10-K for the fiscal year ended December 31, 2021 and any other reports we file with the SEC in the future.
Any forward-looking statements speak only as of the date that they are made, and we do not undertake any obligation to update any such statements or release publicly any revisions to these forward-looking statements to reflect events or circumstances after the date of this report or to reflect new information, future or unexpected events or otherwise, except as required by applicable law or regulation.
Non-GAAP Measures
This press release includes references to Adjusted EBITDAC, which is a measure not in accordance with, or an alternative to, the GAAP information provided herein. Gallagher believes that Adjusted EBITDAC, as defined below, provides a meaningful representation of its operating performance and improves the comparability of Gallagher's results between periods by eliminating the impact of certain items that have a high degree of variability. EBITDAC is defined as net earnings before interest, income taxes, depreciation, amortization and the change in estimated acquisition earnout payables. Adjusted EBITDAC is EBITDAC adjusted to exclude net gains on divestitures, acquisition integration costs, workforce related charges, lease termination related charges, acquisition related adjustments, transaction related costs, legal and income tax related costs and the period-over-period impact of foreign currency translation, as applicable. The most directly comparable GAAP measure is earnings from continuing operations. Please see ""Reconciliation of Non-GAAP Measures"" on Gallagher's website at www.ajg.com under ""Investor Relations"" for the purpose of this measure.
Investors:
Ray Iardella
VP - Investor Relations
(630) 285-3661/ [email protected]
Media:
Kelli Murray
Director Global Public Relations
(630) 277-0347/ [email protected]
SOURCE Arthur J. Gallagher & Co.
WANT YOUR COMPANY'S NEWS FEATURED ON PRNEWSWIRE.COM?
Newsrooms &
Influencers
Digital Media
Outlets
Journalists
Opted In",10,true,2300,6
AJG,Arthur J Gallagher & Co,https://www.insurancejournal.com/news/international/2021/12/01/643907.htm,Gallagher Completes $3.25B Purchase of Willis' Treaty Reinsurance Brokerage Business,L S Howard,2021-12-01,452,"Arthur J. Gallagher & Co. announced it has completed the $3.25 billion acquisition of nearly all of the treaty reinsurance brokerage operations of Willis Towers Watson plc.
Together with Gallagher’s existing reinsurance operations, the combined businesses will trade as Gallagher Re from more than 70 offices across 31 countries and incorporate approximately 2400 colleagues.
Gallagher’s plan to purchase Willis Re, first announced on May 12, 2021, was delayed after the plug was pulled in July on the $30 billion merger of Aon and Willis Towers Watson, a deal that was opposed by the U.S. Department of Justice. Willis had agreed to sell the reinsurance unit to satisfy antitrust concerns of European regulators an Aon-Willis merger.
Gallagher moved forward with the Willis Re acquisition in August. The UK competition regulator completed its probe of the deal in November.
In a filing with the U.S. Securities and Exchange Commission, WTW said it will receive a total upfront cash consideration of $3.25 billion plus an earnout payable in 2025 of up to $750 million in cash, subject to certain adjustments including for net debt, net working capital and net fiduciary assets.
Further, the filing said, the closing of the sale in the Dubai International Finance Centre, China, Hong Kong, Indonesia, Japan, Singapore, Taiwan, South Korea, Argentina, Mexico, Netherlands and Spain has not yet occurred and is anticipated to be completed during the first quarter of 2022 (or, in the case of China, during the second quarter of 2022).
“This acquisition brings specialist expertise, underpinned by a portfolio of analytics capabilities including catastrophe modeling, dynamic financial analysis, rating agency analysis and capital modeling that will immediately provide exceptional value to insurance carriers and insurance capital providers around the world,” said Gallagher in a statement.
Gallagher Re will be led by James Kent, global reinsurance CEO, who will report to Tom Gallagher, Gallagher’s CEO of Global Property & Casualty Brokerage.
“I’d like to officially welcome our new reinsurance brokerage colleagues to the Gallagher family of professionals,” said J. Patrick Gallagher Jr., chairman, president and CEO. “Together, we will build upon our shared focus of outstanding service, expertise and client-centric culture. I am confident the combination will deliver tremendous value to our clients, our global brokerage and risk management teams, and our shareholders.”
“This combination marks a new chapter for two remarkable reinsurance broking teams as well as for our valued and extremely supportive clients and stakeholders,” said Kent. “We are bringing together highly complementary and well-respected reinsurance businesses to create a truly compelling unified reinsurance platform. I am incredibly proud to be leading Gallagher Re into its next phase of growth.”
Topics Agencies Reinsurance A.J. Gallagher
Was this article valuable?
Here are more articles you may enjoy.",10,true,2400,3
AJG,Arthur J Gallagher & Co,https://www.artemis.bm/news/ajg-gallagher-acquire-willis-re-wtw-treaty-reinsurance/,AJG acquiring Willis Re treaty reinsurance operations for $3.25bn - Artemis.bm,Steve Evans,2021-08-13,853,"Arthur J. Gallagher & Co. has announced that it has agreed to pay $3.25 billion to acquire the treaty reinsurance brokerage operations of Willis Towers Watson’s Willis Re unit.
The announcement is not a surprise, as it was widely reported that Arthur J. Gallagher (AJG) was still in talks with Willis Towers Watson to buy its reinsurance broking unit, after the remedy-linked deal that had been agreed as part of the Aon and WTW merger process fell apart.
Gallagher was lined up to acquire a range of assets from Willis Towers Watson as part of the divestments needed to seal the Aon and WTW merger, including Willis Re.
After that Aon and WTW merger was abandoned, the potentially transformational acquisitions of reinsurance broking unit Willis Re and a range of major corporate broking units from WTW were taken away from Gallagher.
But AJG quickly rekindled the discussions directly with WTW and now an agreement has been made and Gallagher will now get the reinsurance broking growth it had been seeking, with the acquisition of all of the Willis Re treaty broking operations.
Commenting on the announcement of the acquisition, which is expected to close in Q4 2021, J. Patrick Gallagher, Jr., Chairman, President and CEO, said, “Broadening our reinsurance brokerage offerings has been a strategic objective at Gallagher and this acquisition will significantly enhance our global value proposition. We were very impressed with the Willis Towers Watson reinsurance professionals we met during our initial due diligence and strongly believe a combination will significantly enhance our offerings to clients and prospects. I look forward to welcoming the 2,200 new colleagues joining us as part of this transaction to our growing Gallagher family of professionals.”
For the year ended December 31st 2020, the operations being acquired generated $745 million of estimated pro forma revenue and $265 million of estimated pro forma EBITDAC.
The deal sees Gallagher acquiring the combined Willis Re treaty reinsurance brokerage operations for an initial gross consideration of $3.25 billion, with a potential additional consideration of $750 million subject to certain third-year revenue targets.
Willis Re’s treaty reinsurance business operates in 24 countries, places more than $10 billion of premium annually and represents in excess of 750 insurance and reinsurance company clients.
It’s a significant boost to the AJG reinsurance broking footprint of Gallagher Re, propelling it into third place on the reinsurance broking leaderboards, behind only Aon and Guy Carpenter.
Gallagher said it will fund this acquisition of most of Willis Re using cash on hand, cash raised from a recent stock offering and borrowed via asenior note issuance, as well as short-term borrowings and additional free cash generated before the close.
Integration of the Willis Re treaty reinsurance operations into Gallagher Re is expected to take three years, with integration costs of around $250 million expected.
AJG said the acquisition will expand its global value proposition within reinsurance brokerage, add to its analytics and catastrophe modelling capabilities, add a talented management team to its roster, increase the breadth of its product offerings, leverage its already impressive alternative risk and insurance-linked securities (ILS) businesses, while strengthening its relationship with major carriers as well.
It’s worth noting that the remedy package AJG had been lined up to buy out of the coming together of Aon and WTW, included much more than Willis Re’s treaty reinsurance operation and was only priced at $3.57 billion.
So here, it appears AJG is paying more for a lot less, while WTW is able to monetise its reinsurance unit for the benefits of its own shareholders, rather than just to smooth the way to a merger.
John Haley, CEO, Willis Towers Watson (WTW), commented on the deal reached, “Following the termination of the proposed combination with Aon, we have been taking time to reflect on what we have learned about WTW over the last 16 months and determine how we will move forward as an independent company. As part of this, we conducted a review of strategic alternatives for Willis Re, our global reinsurance business. While we highly value Willis Re and our colleagues who contribute to its success, we concluded that divestment was the appropriate path for this business and for WTW.
“We are excited about our go forward portfolio of businesses and believe we are well positioned to compete vigorously around the world and make investments to grow organically and inorganically. We are winning new business, bringing the best to our clients and actively engaging and recruiting talent. And, we are going to continue to innovate and adapt to address evolving client needs. We look forward to sharing more about our future plans during our upcoming Investor Day on September 9.”
It’s also been confirmed to us that AJG’s acquisition includes the Willis Re Securities ILS and catastrophe bond focused unit.
View all of our Artemis Live video interviews and subscribe to our podcast.
All of our Artemis Live insurance-linked securities (ILS), catastrophe bonds and reinsurance video content and video interviews can be accessed online.
Our Artemis Live podcast can be subscribed to using the typical podcast services providers, including Apple, Google, Spotify and more.",10,true,2200,3
AJG,Arthur J Gallagher & Co,https://www.prnewswire.com/news-releases/arthur-j-gallagher--co-signs-agreement-to-acquire-jardine-lloyd-thompson-groups-global-aerospace-operations-300805726.html,Arthur J. Gallagher & Co. Signs Agreement To Acquire Jardine Lloyd Thompson Group's Global Aerospace Operations,Arthur J Gallagher; Co,2019-03-04,380,"News provided by
Arthur J. Gallagher & Co.Mar 04, 2019, 05:41 ET
ROLLING MEADOWS, Ill., March 4, 2019 /PRNewswire/ -- Arthur J. Gallagher & Co. (NYSE: AJG) today announced the signing of an agreement to acquire the global aerospace operations of Jardine Lloyd Thompson Group plc (JLT). The acquisition, subject to European Commission approval, is scheduled to close this spring in connection with the closing of the JLT purchase by Marsh & McLennan Companies, Inc.
The agreement provides for the acquisition of all assets within JLT's global aerospace retail and wholesale insurance broking division, which includes operations in the UK, US, Canada, Australia, New Zealand and 10 other countries spanning Europe, Latin America and Asia. The agreement also includes the assets of Hayward Aviation, a UK insurance broker that specializes in aviation for high-net worth individuals and smaller airlines.
Approximately 250 employees from JLT's global aerospace division will join Gallagher as part of the agreement. This includes around 100 employees within JLT's London Market operations who will become part of Gallagher's existing aviation division, which most recently added independent aviation insurance and reinsurance broker, Boston Marks, to its growing London-based aviation operations.
""The addition of JLT's global aerospace broking operations will firmly position Gallagher as a leading broker in the extremely attractive and dynamic aviation and aerospace sector,"" said J. Patrick Gallagher, Jr., Chairman, President and CEO. ""The business portfolio is a highly complementary geographic fit with Gallagher's existing footprint and will provide significant growth opportunities for our international businesses. We look forward to welcoming the team to Gallagher later this spring.""
Arthur J. Gallagher & Co. (NYSE:AJG), a global insurance brokerage, risk management and consulting services firm, is headquartered in Rolling Meadows, Illinois. The company has operations in 35 countries and offers client service capabilities in more than 150 countries around the world through a network of correspondent brokers and consultants.
Investors: Ray Iardella
|
Media: Todd Woodward
|
VP – Investor Relations
|
Chief Communications Officer
|
630-285-3661/ [email protected]
|
574-339-4337/ [email protected]
|
UK media contacts:
|
Sarah Griffiths, Director of Communications, Gallagher
|
+44 (0) 20 7204 6257 [email protected]
|
SOURCE Arthur J. Gallagher & Co.
Related Links
WANT YOUR COMPANY'S NEWS FEATURED ON PRNEWSWIRE.COM?
Newsrooms &
Influencers
Digital Media
Outlets
Journalists
Opted In",10,true,250,2
AJG,Arthur J Gallagher & Co,https://www.theglobeandmail.com/investing/markets/stocks/AJG/pressreleases/35844710/analysts-have-conflicting-sentiments-on-these-financial-companies-ameriprise-financial-amp-arthur-j-gallagher-co-ajg-and-coinbase-global-coin/,"Analysts Have Conflicting Sentiments on These Financial Companies: Ameriprise Financial (AMP), Arthur J Gallagher & Co (AJG) and Coinbase Global (COIN)",Unknown,2025-11-19,450,"Analysts Have Conflicting Sentiments on These Financial Companies: Ameriprise Financial (AMP), Arthur J Gallagher & Co (AJG) and Coinbase Global (COIN)
Analysts have been eager to weigh in on the Financial sector with new ratings on Ameriprise Financial (AMP – Research Report), Arthur J Gallagher & Co (AJG – Research Report) and Coinbase Global (COIN – Research Report).
Elevate Your Investing Strategy:
- Take advantage of TipRanks Premium at 50% off! Unlock powerful investing tools, advanced data, and expert analyst insights to help you invest with confidence.
Ameriprise Financial (AMP)
In a report released today, Thomas Gallagher from Evercore ISI maintained a Hold rating on Ameriprise Financial, with a price target of $570.00. The company’s shares closed last Thursday at $454.11.
According to TipRanks.com, Gallagher is a 4-star analyst with an average return of
The word on The Street in general, suggests a Hold analyst consensus rating for Ameriprise Financial with a $542.75 average price target, implying a 17.3% upside from current levels. In a report released yesterday, William Blair also maintained a Hold rating on the stock.
See today’s best-performing stocks on TipRanks >>
Arthur J Gallagher & Co (AJG)
In a report released today, David Motemaden from Evercore ISI maintained a Buy rating on Arthur J Gallagher & Co, with a price target of $353.00. The company’s shares closed last Thursday at $262.03.
According to TipRanks.com, Motemaden is a 4-star analyst with an average return of
Currently, the analyst consensus on Arthur J Gallagher & Co is a Moderate Buy with an average price target of $332.38, which is a 25.7% upside from current levels. In a report released today, Piper Sandler also maintained a Buy rating on the stock with a $295.00 price target.
Coinbase Global (COIN)
Mizuho Securities analyst Dan Dolev maintained a Buy rating on Coinbase Global today and set a price target of $420.00. The company’s shares closed last Thursday at $328.51, close to its 52-week high of $349.75.
According to TipRanks.com, Dolev is a 4-star analyst with an average return of
Currently, the analyst consensus on Coinbase Global is a Moderate Buy with an average price target of $391.70, implying a 14.0% upside from current levels. In a report issued on October 21, Clear Street also initiated coverage with a Buy rating on the stock with a $406.00 price target.
Read More on AMP:
Disclaimer & DisclosureReport an Issue
- Ameriprise Financial Reports Strong Q3 2025 Performance
- Ameriprise reports Q3 adjusted EPS $9.92, consensus $9.76
- Ameriprise reports Q3 adjusted operating EPS $9.92, consensus $9.76
- Ameriprise price target lowered to $570 from $587 at Evercore ISI
- BMO Capital Issues Hold Rating for Ameriprise Financial Amid Competitive Pressures and Growth Challenges",null,null,null,null
AJG,Arthur J Gallagher & Co,https://www.theglobeandmail.com/investing/markets/stocks/AJG/pressreleases/35844233/arthur-j-gallagher-co-ajg-receives-a-hold-from-truist-financial/,Arthur J Gallagher & Co (AJG) Receives a Hold from Truist Financial,Unknown,2025-11-18,344,"Arthur J Gallagher & Co (AJG) Receives a Hold from Truist Financial
In a report released today, Mark Hughes from Truist Financial reiterated a Hold rating on Arthur J Gallagher & Co, with a price target of $290.00. The company’s shares closed yesterday at $262.03.
Elevate Your Investing Strategy:
- Take advantage of TipRanks Premium at 50% off! Unlock powerful investing tools, advanced data, and expert analyst insights to help you invest with confidence.
Hughes covers the Financial sector, focusing on stocks such as Arthur J Gallagher & Co, Skyward Specialty Insurance Group, Inc., and Palomar Holdings. According to TipRanks, Hughes has an average return of 17.4% and a 70.33% success rate on recommended stocks.
Currently, the analyst consensus on Arthur J Gallagher & Co is a Moderate Buy with an average price target of $333.69, implying a 27.35% upside from current levels. In a report released today, KBW also maintained a Hold rating on the stock with a $275.00 price target.
Based on Arthur J Gallagher & Co’s latest earnings release for the quarter ending June 30, the company reported a quarterly revenue of $3.22 billion and a net profit of $365.8 million. In comparison, last year the company earned a revenue of $2.78 billion and had a net profit of $283.4 million
Based on the recent corporate insider activity of 93 insiders, corporate insider sentiment is negative on the stock. This means that over the past quarter there has been an increase of insiders selling their shares of AJG in relation to earlier this year. Last month, Douglas Howell, the VP & CFO of AJG sold 14,000.00 shares for a total of $4,191,828.00.
Read More on AJG:
Disclaimer & DisclosureReport an Issue
- Arthur J. Gallagher price target lowered to $315 from $361 at Goldman Sachs
- Arthur J. Gallagher price target lowered to $275 from $315 at Keefe Bruyette
- Arthur J. Gallagher price target lowered to $295 from $340 at Piper Sandler
- Arthur J. Gallagher Reports Strong Q3 2025 Growth
- Arthur J. Gallagher Reports Q3 2025 Revenue Growth",null,null,null,null
AJG,Arthur J Gallagher & Co,https://www.marketbeat.com/instant-alerts/filing-cetera-investment-advisers-has-2489-million-stake-in-arthur-j-gallagher-co-ajg-2025-11-18/,Cetera Investment Advisers Has $24.89 Million Stake in Arthur J. Gallagher & Co. $AJG,MarketBeat,2025-11-18,1199,"Cetera Investment Advisers boosted its holdings in Arthur J. Gallagher & Co. (NYSE:AJG - Free Report) by 2.7% in the 2nd quarter, according to the company in its most recent filing with the Securities and Exchange Commission. The firm owned 77,753 shares of the financial services provider's stock after purchasing an additional 2,074 shares during the quarter. Cetera Investment Advisers' holdings in Arthur J. Gallagher & Co. were worth $24,890,000 at the end of the most recent quarter.
Other institutional investors have also recently bought and sold shares of the company. J.Safra Asset Management Corp grew its holdings in shares of Arthur J. Gallagher & Co. by 209.1% during the second quarter. J.Safra Asset Management Corp now owns 102 shares of the financial services provider's stock valued at $32,000 after buying an additional 69 shares during the last quarter. AlphaQuest LLC bought a new position in Arthur J. Gallagher & Co. in the 1st quarter valued at about $33,000. Saudi Central Bank acquired a new position in Arthur J. Gallagher & Co. during the 1st quarter valued at about $34,000. Motco increased its holdings in Arthur J. Gallagher & Co. by 700.0% during the 1st quarter. Motco now owns 112 shares of the financial services provider's stock worth $39,000 after purchasing an additional 98 shares in the last quarter. Finally, SouthState Corp purchased a new stake in shares of Arthur J. Gallagher & Co. in the first quarter worth approximately $39,000. Institutional investors and hedge funds own 85.53% of the company's stock.
Insider Transactions at Arthur J. Gallagher & Co.
In other Arthur J. Gallagher & Co. news, VP Scott R. Hudson sold 12,855 shares of the stock in a transaction dated Monday, September 8th. The shares were sold at an average price of $297.60, for a total transaction of $3,825,648.00. Following the completion of the transaction, the vice president owned 85,920 shares in the company, valued at $25,569,792. This trade represents a 13.01% decrease in their ownership of the stock. The sale was disclosed in a document filed with the Securities & Exchange Commission, which is available through this link. Also, CFO Douglas K. Howell sold 8,000 shares of Arthur J. Gallagher & Co. stock in a transaction dated Monday, September 22nd. The stock was sold at an average price of $299.54, for a total transaction of $2,396,320.00. Following the completion of the transaction, the chief financial officer owned 100,777 shares of the company's stock, valued at $30,186,742.58. The trade was a 7.35% decrease in their position. Additional details regarding this sale are available in the official SEC disclosure. In the last 90 days, insiders sold 29,855 shares of company stock worth $8,916,928. 1.60% of the stock is owned by company insiders.
Analyst Ratings Changes
Several brokerages recently issued reports on AJG. Weiss Ratings reiterated a ""buy (b-)"" rating on shares of Arthur J. Gallagher & Co. in a report on Wednesday, October 8th. UBS Group lifted their price objective on shares of Arthur J. Gallagher & Co. from $322.00 to $329.00 and gave the stock a ""neutral"" rating in a report on Friday, September 19th. Erste Group Bank reiterated a ""hold"" rating on shares of Arthur J. Gallagher & Co. in a report on Wednesday, July 23rd. Piper Sandler cut their price target on shares of Arthur J. Gallagher & Co. from $340.00 to $295.00 and set an ""overweight"" rating on the stock in a report on Friday, October 31st. Finally, Wall Street Zen lowered shares of Arthur J. Gallagher & Co. from a ""hold"" rating to a ""sell"" rating in a research note on Saturday, November 1st. One investment analyst has rated the stock with a Strong Buy rating, eight have issued a Buy rating and eight have given a Hold rating to the stock. According to data from MarketBeat.com, the stock presently has an average rating of ""Moderate Buy"" and a consensus price target of $323.64.
Get Our Latest Research Report on Arthur J. Gallagher & Co.
Arthur J. Gallagher & Co. Stock Up 0.2%
AJG opened at $259.06 on Tuesday. Arthur J. Gallagher & Co. has a twelve month low of $239.47 and a twelve month high of $351.23. The company's 50-day moving average price is $284.03 and its two-hundred day moving average price is $304.26. The stock has a market cap of $66.53 billion, a price-to-earnings ratio of 36.80 and a beta of 0.71. The company has a quick ratio of 1.36, a current ratio of 1.36 and a debt-to-equity ratio of 0.52.
Arthur J. Gallagher & Co. (NYSE:AJG - Get Free Report) last issued its quarterly earnings results on Thursday, October 30th. The financial services provider reported $2.32 earnings per share (EPS) for the quarter, missing the consensus estimate of $2.51 by ($0.19). Arthur J. Gallagher & Co. had a return on equity of 13.17% and a net margin of 14.54%.The company had revenue of $3.33 billion for the quarter, compared to analysts' expectations of $3.34 billion. During the same quarter in the previous year, the business earned $2.26 EPS. The company's revenue for the quarter was up 20.2% on a year-over-year basis. As a group, equities analysts expect that Arthur J. Gallagher & Co. will post 11.54 earnings per share for the current year.
Arthur J. Gallagher & Co. Dividend Announcement
The company also recently declared a quarterly dividend, which will be paid on Friday, December 19th. Stockholders of record on Friday, December 5th will be given a dividend of $0.65 per share. This represents a $2.60 dividend on an annualized basis and a dividend yield of 1.0%. The ex-dividend date of this dividend is Friday, December 5th. Arthur J. Gallagher & Co.'s dividend payout ratio is currently 38.86%.
About Arthur J. Gallagher & Co.
(
Free Report)
Arthur J. Gallagher & Co engages in the provision of insurance brokerage, reinsurance brokerage, consulting, and third-party claims settlement and administration services. It operates through the following segments: Brokerage, Risk Management, and Corporate. The Brokerage segment consists of retail and wholesale insurance brokerage operations.
See Also
This instant news alert was generated by narrative science technology and financial data from MarketBeat in order to provide readers with the fastest reporting and unbiased coverage. Please send any questions or comments about this story to contact@marketbeat.com.
Before you consider Arthur J. Gallagher & Co., you'll want to hear this.
MarketBeat keeps track of Wall Street's top-rated and best performing research analysts and the stocks they recommend to their clients on a daily basis. MarketBeat has identified the five stocks that top analysts are quietly whispering to their clients to buy now before the broader market catches on... and Arthur J. Gallagher & Co. wasn't on the list.
While Arthur J. Gallagher & Co. currently has a Moderate Buy rating among analysts, top-rated analysts believe these five stocks are better buys.
View The Five Stocks Here
Enter your email address and we'll send you MarketBeat's list of ten stocks that are set to soar in 2026, despite the threat of tariffs and other economic uncertainty. These ten stocks are incredibly resilient and are likely to thrive in any economic environment.
Get This Free Report
Like this article? Share it with a colleague.
Link copied to clipboard.",null,null,null,null
AJG,Arthur J Gallagher & Co,https://www.theglobeandmail.com/investing/markets/stocks/AJG/pressreleases/35849413/arthur-j-gallagher-co-ajg-gets-a-hold-from-barclays/,Arthur J Gallagher & Co (AJG) Gets a Hold from Barclays,Unknown,2025-11-18,306,"Arthur J Gallagher & Co (AJG) Gets a Hold from Barclays
Barclays analyst Alex Scott maintained a Hold rating on Arthur J Gallagher & Co on October 30 and set a price target of $328.00. The company’s shares closed yesterday at $249.49.
Elevate Your Investing Strategy:
- Take advantage of TipRanks Premium at 50% off! Unlock powerful investing tools, advanced data, and expert analyst insights to help you invest with confidence.
According to TipRanks, Scott is a 4-star analyst with an average return of 5.2% and a 48.75% success rate. Scott covers the Financial sector, focusing on stocks such as Progressive, Arthur J Gallagher & Co, and Corebridge Financial, Inc..
In addition to Barclays, Arthur J Gallagher & Co also received a Hold from KBW’s Meyer Shields in a report issued yesterday. However, on the same day, Goldman Sachs maintained a Buy rating on Arthur J Gallagher & Co (NYSE: AJG).
AJG market cap is currently $67.18B and has a P/E ratio of 39.49.
Based on the recent corporate insider activity of 93 insiders, corporate insider sentiment is negative on the stock. This means that over the past quarter there has been an increase of insiders selling their shares of AJG in relation to earlier this year. Most recently, in September 2025, Douglas Howell, the VP & CFO of AJG sold 14,000.00 shares for a total of $4,191,828.00.
Read More on AJG:
Disclaimer & DisclosureReport an Issue
- Arthur J. Gallagher’s Earnings Call Highlights Robust Growth
- Buy Recommendation for Arthur J. Gallagher & Co. Based on Strong Long-Term Growth Prospects and Strategic Acquisitions
- Arthur J. Gallagher price target lowered to $353 from $370 at Evercore ISI
- Arthur J. Gallagher price target lowered to $315 from $361 at Goldman Sachs
- Arthur J. Gallagher price target lowered to $275 from $315 at Keefe Bruyette",null,null,null,null
AJG,Arthur J Gallagher & Co,https://www.theglobeandmail.com/investing/markets/stocks/TMP-A/pressreleases/35864148/tompkins-financial-corporation-announces-sale-of-tompkins-insurance-agencies-inc-to-arthur-j-gallagher-co/,"Tompkins Financial Corporation Announces Sale of Tompkins Insurance Agencies, Inc. to Arthur J. Gallagher & Co.",Unknown,2025-11-18,912,"Tompkins Financial Corporation Announces Sale of Tompkins Insurance Agencies, Inc. to Arthur J. Gallagher & Co.
Tompkins Financial Corporation (NYSE American: TMP)
Tompkins Financial Corporation (""Tompkins"" or the ""Company"") announced today that it has closed on the sale of its wholly owned subsidiary, Tompkins Insurance Agencies, Inc. (“TIA”) to Arthur J. Gallagher & Co. (“Gallagher”) (NYSE: AJG) for approximately $223 million in cash, subject to customary purchase price adjustments. The transaction generates a pre-tax gain of $183 million.
With a 150-year operating history, TIA is a retail insurance agency offering property and casualty products and employee benefits solutions in Pennsylvania and New York. TIA has grown to be one of the top 100 insurance agencies in the country, which reflects the hard work and focus of its employees. All current leadership and direct employees of TIA have joined Gallagher. Through Gallagher, TIA will serve the customers throughout the Tompkins footprint, leveraging the resources of Gallagher's global brokerage and insurance services operations.
“It was in the long-term interests of the TIA employees and customers to find a partner that best positioned them for continued success well into the future. We are fully confident Gallagher is the right partner for all stakeholders. We wish all the best to the TIA team, and I extend many thanks to them for their contributions to our organization,” said Stephen S. Romaine, President and CEO, Tompkins Financial Corporation.
“We are confident our balance sheet provides us with the flexibility to invest a portion of the proceeds to replace the relative earnings of Tompkins Insurance over the near term, while also providing the capital to support strategic investments over the long term,” continued Romaine.
Gallagher (NYSE: AJG), a global insurance brokerage, risk management, and consulting services firm, is headquartered in Rolling Meadows, Illinois. It provides services in approximately 130 countries around the world through its owned operations and a network of correspondent brokers and consultants.
Piper Sandler & Co. acted as exclusive financial advisor and Polsinelli PC acted as legal counsel to Tompkins.
ABOUT TOMPKINS FINANCIAL CORPORATION
Tompkins Financial Corporation is a banking and financial services company serving the Central, Western, and Hudson Valley regions of New York and the Southeastern region of Pennsylvania. Headquartered in Ithaca, NY, Tompkins Financial is parent to Tompkins Community Bank. Tompkins Community Bank provides a full array of wealth management services under the Tompkins Financial Advisors brand, including investment management, trust and estate, financial and tax planning services. For more information on Tompkins Financial, visit www.tompkinsfinancial.com .
""Safe Harbor"" Statement under the Private Securities Litigation Reform Act of 1995:
This press release contains ""forward-looking statements"" within the meaning of the Private Securities Litigation Reform Act of 1995. The statements contained in this press release that are not statements of historical fact may include forward-looking statements that involve a number of risks and uncertainties. Forward-looking statements may be identified by use of such words as ""may"", ""will"", ""estimate"", ""intend"", ""continue"", ""believe"", ""expect"", ""plan"", ""commit"", or ""anticipate"", as well as the negative and other variations of these terms and other similar words. Examples of forward-looking statements may include statements regarding the sufficiency of the proceeds of the sale to support strategic investments and the replacement of earnings. Forward-looking statements are made based on management’s expectations and beliefs concerning future events impacting the Company and are subject to uncertainties and factors relating to the Company’s operations and economic environment, all of which are difficult to predict and many of which are beyond the control of the Company, that could cause actual results of the Company to differ materially from those expressed and/or implied by forward-looking statements and historical performance. The following factors, in addition to those listed as Risk Factors in Item 1A in our Annual Report on Form 10-K and our Quarterly Reports on Form 10-Q as filed with the Securities and Exchange Commission, are among those that could cause actual results to differ materially from the forward-looking statements and historical performance: changes in general economic, market and regulatory conditions; our ability to attract and retain deposits and other sources of liquidity; gross domestic product growth and inflation trends; the impact of the interest rate and inflationary environment on the Company's business, financial condition and results of operations; other income or cash flow anticipated from the Company's operations, investment and/or lending activities; changes in laws and regulations affecting banks, bank holding companies and/or financial holding companies, including the Dodd-Frank Act, and other federal, state and local government mandates; the impact of any change in the FDIC insurance assessment rate or the rules and regulations related to the calculation of the FDIC insurance assessment amount; increased supervisory and regulatory scrutiny of financial institutions; technological developments and changes; cybersecurity incidents and threats; the ability to continue to introduce competitive new products and services on a timely, cost-effective basis; governmental and public policy changes, including environmental regulation; reliance on large customers; the ability to access financial resources in the amounts, at the times, and on the terms required to support the Company's future businesses; and the economic impact, including market volatility, of national and global events, including the response to bank failures, war and geopolitical matters (including the war in Ukraine and the impacts of continued or escalating hostilities in the Middle East), tariffs and trade wars, widespread protests, civil unrest, political uncertainty, and pandemics or other public health crises. The Company does not undertake any obligation to update its forward-looking statements.
View source version on businesswire.com: https://www.businesswire.com/news/home/20251103605620/en/",null,null,null,null
AJG,Arthur J Gallagher & Co,https://www.theglobeandmail.com/investing/markets/stocks/COIN/pressreleases/35843885/analysts-opinions-are-mixed-on-these-financial-stocks-central-pacific-financial-cpf-arthur-j-gallagher-co-ajg-and-coinbase-global-coin/,"Analysts’ Opinions Are Mixed on These Financial Stocks: Central Pacific Financial (CPF), Arthur J Gallagher & Co (AJG) and Coinbase Global (COIN)",Unknown,2025-11-18,444,"Analysts’ Opinions Are Mixed on These Financial Stocks: Central Pacific Financial (CPF), Arthur J Gallagher & Co (AJG) and Coinbase Global (COIN)
Analysts have been eager to weigh in on the Financial sector with new ratings on Central Pacific Financial (CPF – Research Report), Arthur J Gallagher & Co (AJG – Research Report) and Coinbase Global (COIN – Research Report).
Elevate Your Investing Strategy:
- Take advantage of TipRanks Premium at 50% off! Unlock powerful investing tools, advanced data, and expert analyst insights to help you invest with confidence.
Central Pacific Financial (CPF)
Piper Sandler analyst Matthew Clark maintained a Buy rating on Central Pacific Financial today and set a price target of $35.00. The company’s shares closed last Thursday at $29.08.
According to TipRanks.com, Clark is a 4-star analyst with an average return of
Central Pacific Financial has an analyst consensus of Moderate Buy, with a price target consensus of $34.50, representing a 21.8% upside. In a report issued on October 22, TR | OpenAI – 4o also upgraded the stock to Buy with a $32.00 price target.
See Insiders’ Hot Stocks on TipRanks >>
Arthur J Gallagher & Co (AJG)
Goldman Sachs analyst Robert Cox CFA maintained a Buy rating on Arthur J Gallagher & Co today and set a price target of $315.00. The company’s shares closed last Thursday at $262.03.
According to TipRanks.com, CFA is a 4-star analyst with an average return of
Arthur J Gallagher & Co has an analyst consensus of Moderate Buy, with a price target consensus of $335.23, representing a 26.7% upside. In a report released today, Piper Sandler also maintained a Buy rating on the stock with a $295.00 price target.
Coinbase Global (COIN)
Piper Sandler analyst Patrick Moley maintained a Hold rating on Coinbase Global today and set a price target of $350.00. The company’s shares closed last Thursday at $328.51, close to its 52-week high of $349.75.
According to TipRanks.com, Moley is a top 100 analyst with an average return of
The word on The Street in general, suggests a Moderate Buy analyst consensus rating for Coinbase Global with a $393.50 average price target, a 14.6% upside from current levels. In a report issued on October 22, Barclays also maintained a Hold rating on the stock with a $361.00 price target.
Read More on CPF:
Disclaimer & DisclosureReport an Issue
- Central Pacific Financial’s Earnings Call Highlights Growth and Challenges
- Central Pacific Financial Reports Strong Q3 2025 Results
- Central Pacific reports Q3 adjusted EPS 73c, consensus 74c
- CPF Earnings Report this Week: Is It a Buy, Ahead of Earnings?
- Central Pacific initiated with a Market Perform at Keefe Bruyette",null,null,null,null
AJG,Arthur J Gallagher & Co,https://www.theglobeandmail.com/investing/markets/stocks/COIN-Q/pressreleases/35844710/analysts-have-conflicting-sentiments-on-these-financial-companies-ameriprise-financial-amp-arthur-j-gallagher-co-ajg-and-coinbase-global-coin/,"Analysts Have Conflicting Sentiments on These Financial Companies: Ameriprise Financial (AMP), Arthur J Gallagher & Co (AJG) and Coinbase Global (COIN)",Unknown,2025-11-18,450,"Analysts Have Conflicting Sentiments on These Financial Companies: Ameriprise Financial (AMP), Arthur J Gallagher & Co (AJG) and Coinbase Global (COIN)
Analysts have been eager to weigh in on the Financial sector with new ratings on Ameriprise Financial (AMP – Research Report), Arthur J Gallagher & Co (AJG – Research Report) and Coinbase Global (COIN – Research Report).
Elevate Your Investing Strategy:
- Take advantage of TipRanks Premium at 50% off! Unlock powerful investing tools, advanced data, and expert analyst insights to help you invest with confidence.
Ameriprise Financial (AMP)
In a report released today, Thomas Gallagher from Evercore ISI maintained a Hold rating on Ameriprise Financial, with a price target of $570.00. The company’s shares closed last Thursday at $454.11.
According to TipRanks.com, Gallagher is a 4-star analyst with an average return of
The word on The Street in general, suggests a Hold analyst consensus rating for Ameriprise Financial with a $542.75 average price target, implying a 17.3% upside from current levels. In a report released yesterday, William Blair also maintained a Hold rating on the stock.
See today’s best-performing stocks on TipRanks >>
Arthur J Gallagher & Co (AJG)
In a report released today, David Motemaden from Evercore ISI maintained a Buy rating on Arthur J Gallagher & Co, with a price target of $353.00. The company’s shares closed last Thursday at $262.03.
According to TipRanks.com, Motemaden is a 4-star analyst with an average return of
Currently, the analyst consensus on Arthur J Gallagher & Co is a Moderate Buy with an average price target of $332.38, which is a 25.7% upside from current levels. In a report released today, Piper Sandler also maintained a Buy rating on the stock with a $295.00 price target.
Coinbase Global (COIN)
Mizuho Securities analyst Dan Dolev maintained a Buy rating on Coinbase Global today and set a price target of $420.00. The company’s shares closed last Thursday at $328.51, close to its 52-week high of $349.75.
According to TipRanks.com, Dolev is a 4-star analyst with an average return of
Currently, the analyst consensus on Coinbase Global is a Moderate Buy with an average price target of $391.70, implying a 14.0% upside from current levels. In a report issued on October 21, Clear Street also initiated coverage with a Buy rating on the stock with a $406.00 price target.
Read More on AMP:
Disclaimer & DisclosureReport an Issue
- Ameriprise Financial Reports Strong Q3 2025 Performance
- Ameriprise reports Q3 adjusted EPS $9.92, consensus $9.76
- Ameriprise reports Q3 adjusted operating EPS $9.92, consensus $9.76
- Ameriprise price target lowered to $570 from $587 at Evercore ISI
- BMO Capital Issues Hold Rating for Ameriprise Financial Amid Competitive Pressures and Growth Challenges",null,null,null,null
AJG,Arthur J Gallagher & Co,https://www.defenseworld.net/2025/11/18/arthur-j-gallagher-co-ajg-shares-bought-by-avantax-advisory-services-inc.html,Arthur J. Gallagher & Co. $AJG Shares Bought by Avantax Advisory Services Inc.,Defense World Staff,2025-11-18,1023,"Avantax Advisory Services Inc. grew its stake in Arthur J. Gallagher & Co. (NYSE:AJG – Free Report) by 16.3% in the 2nd quarter, according to the company in its most recent filing with the Securities & Exchange Commission. The firm owned 26,655 shares of the financial services provider’s stock after buying an additional 3,726 shares during the quarter. Avantax Advisory Services Inc.’s holdings in Arthur J. Gallagher & Co. were worth $8,533,000 as of its most recent SEC filing.
A number of other hedge funds have also recently modified their holdings of AJG. J.Safra Asset Management Corp lifted its holdings in Arthur J. Gallagher & Co. by 209.1% in the second quarter. J.Safra Asset Management Corp now owns 102 shares of the financial services provider’s stock valued at $32,000 after acquiring an additional 69 shares during the period. AlphaQuest LLC purchased a new position in shares of Arthur J. Gallagher & Co. during the 1st quarter valued at approximately $33,000. Saudi Central Bank acquired a new position in shares of Arthur J. Gallagher & Co. in the 1st quarter valued at $34,000. Motco boosted its holdings in Arthur J. Gallagher & Co. by 700.0% during the first quarter. Motco now owns 112 shares of the financial services provider’s stock worth $39,000 after buying an additional 98 shares in the last quarter. Finally, SouthState Corp acquired a new stake in Arthur J. Gallagher & Co. during the first quarter valued at $39,000. Hedge funds and other institutional investors own 85.53% of the company’s stock.
Arthur J. Gallagher & Co. Price Performance
Arthur J. Gallagher & Co. stock opened at $259.06 on Tuesday. The company has a 50-day moving average price of $284.03 and a 200 day moving average price of $304.26. The stock has a market cap of $66.53 billion, a P/E ratio of 36.80 and a beta of 0.71. The company has a current ratio of 1.36, a quick ratio of 1.36 and a debt-to-equity ratio of 0.52. Arthur J. Gallagher & Co. has a 12-month low of $239.47 and a 12-month high of $351.23.
Arthur J. Gallagher & Co. Dividend Announcement
The firm also recently disclosed a quarterly dividend, which will be paid on Friday, December 19th. Investors of record on Friday, December 5th will be given a dividend of $0.65 per share. This represents a $2.60 dividend on an annualized basis and a dividend yield of 1.0%. The ex-dividend date of this dividend is Friday, December 5th. Arthur J. Gallagher & Co.’s dividend payout ratio (DPR) is presently 38.86%.
Insider Buying and Selling at Arthur J. Gallagher & Co.
In other news, VP Scott R. Hudson sold 12,855 shares of the company’s stock in a transaction that occurred on Monday, September 8th. The shares were sold at an average price of $297.60, for a total value of $3,825,648.00. Following the transaction, the vice president directly owned 85,920 shares in the company, valued at approximately $25,569,792. This represents a 13.01% decrease in their position. The sale was disclosed in a legal filing with the SEC, which can be accessed through this hyperlink. Also, VP Michael Robert Pesch acquired 4,000 shares of the stock in a transaction that occurred on Monday, November 3rd. The shares were bought at an average cost of $247.12 per share, with a total value of $988,480.00. Following the transaction, the vice president directly owned 41,849 shares in the company, valued at $10,341,724.88. This trade represents a 10.57% increase in their position. The disclosure for this purchase is available in the SEC filing. Insiders have sold 29,855 shares of company stock valued at $8,916,928 over the last 90 days. 1.60% of the stock is owned by insiders.
Wall Street Analysts Forecast Growth
Several equities research analysts have recently issued reports on the stock. Erste Group Bank reissued a “hold” rating on shares of Arthur J. Gallagher & Co. in a research note on Wednesday, July 23rd. Keefe, Bruyette & Woods reduced their price target on Arthur J. Gallagher & Co. from $315.00 to $275.00 and set a “market perform” rating for the company in a report on Friday, October 31st. Weiss Ratings reissued a “buy (b-)” rating on shares of Arthur J. Gallagher & Co. in a report on Wednesday, October 8th. Piper Sandler cut their price objective on Arthur J. Gallagher & Co. from $340.00 to $295.00 and set an “overweight” rating for the company in a research report on Friday, October 31st. Finally, UBS Group increased their target price on Arthur J. Gallagher & Co. from $322.00 to $329.00 and gave the company a “neutral” rating in a research report on Friday, September 19th. One investment analyst has rated the stock with a Strong Buy rating, eight have assigned a Buy rating and eight have given a Hold rating to the company’s stock. According to data from MarketBeat.com, the company has an average rating of “Moderate Buy” and an average price target of $323.64.
View Our Latest Research Report on Arthur J. Gallagher & Co.
Arthur J. Gallagher & Co. Company Profile
Arthur J. Gallagher & Co engages in the provision of insurance brokerage, reinsurance brokerage, consulting, and third-party claims settlement and administration services. It operates through the following segments: Brokerage, Risk Management, and Corporate. The Brokerage segment consists of retail and wholesale insurance brokerage operations.
Featured Articles
- Five stocks we like better than Arthur J. Gallagher & Co.
- 3 Fintech Stocks With Good 2021 Prospects
- Whirlpool’s Worst May Be Over—Upside Opportunity Ahead
- What is a support level?
- These 3 Beaten-Down Stocks Could Be Your Best Buying Opportunity This Quarter
- Trading Halts Explained
- How Does D-Wave Stack Up to Quantum Rivals After Earnings Season?
Want to see what other hedge funds are holding AJG? Visit HoldingsChannel.com to get the latest 13F filings and insider trades for Arthur J. Gallagher & Co. (NYSE:AJG – Free Report).
Receive News & Ratings for Arthur J. Gallagher & Co. Daily - Enter your email address below to receive a concise daily summary of the latest news and analysts' ratings for Arthur J. Gallagher & Co. and related companies with MarketBeat.com's FREE daily email newsletter.",null,null,null,null
AJG,Arthur J Gallagher & Co,https://www.marketbeat.com/instant-alerts/filing-arthur-j-gallagher-co-ajg-shares-sold-by-creative-planning-2025-11-17/,Arthur J. Gallagher & Co. $AJG Shares Sold by Creative Planning,MarketBeat,2025-11-17,1214,"Creative Planning reduced its position in Arthur J. Gallagher & Co. (NYSE:AJG - Free Report) by 1.4% in the second quarter, according to the company in its most recent filing with the Securities and Exchange Commission (SEC). The fund owned 69,240 shares of the financial services provider's stock after selling 1,008 shares during the period. Creative Planning's holdings in Arthur J. Gallagher & Co. were worth $22,165,000 at the end of the most recent quarter.
A number of other hedge funds and other institutional investors have also modified their holdings of the business. JPMorgan Chase & Co. grew its stake in Arthur J. Gallagher & Co. by 38.3% during the 1st quarter. JPMorgan Chase & Co. now owns 17,372,745 shares of the financial services provider's stock valued at $5,997,767,000 after purchasing an additional 4,815,007 shares in the last quarter. Vanguard Group Inc. increased its stake in shares of Arthur J. Gallagher & Co. by 2.5% in the first quarter. Vanguard Group Inc. now owns 30,411,264 shares of the financial services provider's stock worth $10,499,185,000 after buying an additional 739,130 shares during the last quarter. Nuveen LLC bought a new position in Arthur J. Gallagher & Co. during the 1st quarter valued at $240,665,000. 1832 Asset Management L.P. grew its holdings in Arthur J. Gallagher & Co. by 3,142.2% during the 1st quarter. 1832 Asset Management L.P. now owns 640,911 shares of the financial services provider's stock worth $221,268,000 after acquiring an additional 621,143 shares in the last quarter. Finally, DSM Capital Partners LLC bought a new stake in shares of Arthur J. Gallagher & Co. in the 1st quarter worth about $136,565,000. 85.53% of the stock is owned by hedge funds and other institutional investors.
Insiders Place Their Bets
In other news, CFO Douglas K. Howell sold 8,000 shares of the stock in a transaction on Monday, September 22nd. The stock was sold at an average price of $299.54, for a total value of $2,396,320.00. Following the completion of the transaction, the chief financial officer owned 100,777 shares of the company's stock, valued at approximately $30,186,742.58. This represents a 7.35% decrease in their ownership of the stock. The transaction was disclosed in a document filed with the SEC, which can be accessed through this link. Also, VP Scott R. Hudson sold 12,855 shares of Arthur J. Gallagher & Co. stock in a transaction dated Monday, September 8th. The shares were sold at an average price of $297.60, for a total transaction of $3,825,648.00. Following the sale, the vice president owned 85,920 shares in the company, valued at approximately $25,569,792. This represents a 13.01% decrease in their ownership of the stock. The SEC filing for this sale provides additional information. In the last quarter, insiders sold 29,855 shares of company stock worth $8,916,928. 1.60% of the stock is owned by company insiders.
Arthur J. Gallagher & Co. Stock Performance
Shares of AJG opened at $258.53 on Monday. The firm has a fifty day moving average of $284.84 and a 200-day moving average of $304.67. The company has a market cap of $66.39 billion, a price-to-earnings ratio of 36.72 and a beta of 0.71. The company has a debt-to-equity ratio of 0.52, a quick ratio of 1.36 and a current ratio of 1.36. Arthur J. Gallagher & Co. has a 1 year low of $239.47 and a 1 year high of $351.23.
Arthur J. Gallagher & Co. (NYSE:AJG - Get Free Report) last issued its quarterly earnings data on Thursday, October 30th. The financial services provider reported $2.32 earnings per share for the quarter, missing the consensus estimate of $2.51 by ($0.19). The firm had revenue of $3.33 billion during the quarter, compared to the consensus estimate of $3.34 billion. Arthur J. Gallagher & Co. had a net margin of 14.54% and a return on equity of 13.17%. The company's revenue for the quarter was up 20.2% compared to the same quarter last year. During the same quarter in the prior year, the business earned $2.26 earnings per share. As a group, equities analysts anticipate that Arthur J. Gallagher & Co. will post 11.54 earnings per share for the current year.
Arthur J. Gallagher & Co. Dividend Announcement
The firm also recently announced a quarterly dividend, which will be paid on Friday, December 19th. Investors of record on Friday, December 5th will be given a $0.65 dividend. This represents a $2.60 annualized dividend and a yield of 1.0%. The ex-dividend date is Friday, December 5th. Arthur J. Gallagher & Co.'s dividend payout ratio (DPR) is currently 38.86%.
Analysts Set New Price Targets
A number of research firms recently commented on AJG. Keefe, Bruyette & Woods decreased their price target on Arthur J. Gallagher & Co. from $315.00 to $275.00 and set a ""market perform"" rating for the company in a research note on Friday, October 31st. Wells Fargo & Company boosted their price target on Arthur J. Gallagher & Co. from $365.00 to $366.00 and gave the company an ""overweight"" rating in a report on Wednesday, October 8th. Weiss Ratings restated a ""buy (b-)"" rating on shares of Arthur J. Gallagher & Co. in a research note on Wednesday, October 8th. Erste Group Bank reiterated a ""hold"" rating on shares of Arthur J. Gallagher & Co. in a research note on Wednesday, July 23rd. Finally, Piper Sandler reduced their price target on shares of Arthur J. Gallagher & Co. from $340.00 to $295.00 and set an ""overweight"" rating on the stock in a research report on Friday, October 31st. One equities research analyst has rated the stock with a Strong Buy rating, eight have assigned a Buy rating and eight have issued a Hold rating to the stock. According to MarketBeat, the stock currently has a consensus rating of ""Moderate Buy"" and a consensus price target of $323.64.
Check Out Our Latest Research Report on AJG
About Arthur J. Gallagher & Co.
(
Free Report)
Arthur J. Gallagher & Co engages in the provision of insurance brokerage, reinsurance brokerage, consulting, and third-party claims settlement and administration services. It operates through the following segments: Brokerage, Risk Management, and Corporate. The Brokerage segment consists of retail and wholesale insurance brokerage operations.
Recommended Stories
This instant news alert was generated by narrative science technology and financial data from MarketBeat in order to provide readers with the fastest reporting and unbiased coverage. Please send any questions or comments about this story to contact@marketbeat.com.
Before you consider Arthur J. Gallagher & Co., you'll want to hear this.
MarketBeat keeps track of Wall Street's top-rated and best performing research analysts and the stocks they recommend to their clients on a daily basis. MarketBeat has identified the five stocks that top analysts are quietly whispering to their clients to buy now before the broader market catches on... and Arthur J. Gallagher & Co. wasn't on the list.
While Arthur J. Gallagher & Co. currently has a Moderate Buy rating among analysts, top-rated analysts believe these five stocks are better buys.
View The Five Stocks Here
Enter your email address and we'll send you MarketBeat's list of ten stocks that are set to soar in 2026, despite the threat of tariffs and other economic uncertainty. These ten stocks are incredibly resilient and are likely to thrive in any economic environment.
Get This Free Report",null,null,null,null
AJG,Arthur J Gallagher & Co,"https://www.tradingview.com/news/reuters.com,2025-11-17:newsml_FIT7fKqvT:0-fitch-affirms-arthur-j-gallagher-s-idr-at-bbb-stable-outlook/",Fitch Affirms Arthur J. Gallagher's IDR at 'BBB+'; Stable Outlook,null,2025-11-17,2847,"Fitch Affirms Arthur J. Gallagher's IDR at 'BBB+'; Stable Outlook
Fitch Ratings has affirmed Arthur J. Gallagher & Co.'s (AJG) Long-Term Issuer Default Rating (IDR) at 'BBB+'. Fitch also affirmed the 'BBB+' issue level ratings on the company's senior unsecured revolving credit facility, senior unsecured notes and private placement notes. The Rating Outlook is Stable.
The recently completed AssuredPartners, Inc. acquisition, as the company's largest acquisition to date, presents near-term operational and integration risk. However, Fitch expects EBITDA leverage to remain manageable for the 'BBB+' IDR by YE 2026.
AJG's IDR reflects its top-tier competitive position, successful acquisition history, manageable leverage (albeit, temporarily elevated after the Assured deal), solid financial flexibility, and historically strong profits and margins.
Key Rating DriversAssured Acquisition Risk Manageable: The AssuredPartners acquisition increases near-term risk. Fitch estimates pro forma EBITDA leverage could be in the mid-2.0x range at YE25. However, AJG's strong M&A execution track record should enable it to digest the deal effectively. EBITDA leverage should align with the agency's sensitivities of 2.5x or below by YE 2026. Assured is AJG's largest acquisition to date, significantly surpassing its previous largest purchase of up to USD4.0 billion (including earnout) for Willis Re in 2021. The roughly USD13.8 billion purchase price was financed through a combination of equity, new debt and cash.
The acquisition did not materially change AJG's regional mix, service lines, or end-market customer base, but it significantly increased AJG's revenue and EBITDA scale by more than 25%. Assured is projected to generate USD3.0 billion in annual revenue and more than USD975 million of EBITDA.
Strong Competitive Position: AJG is one of the four largest global insurance brokers, which Fitch views as a credit positive. Its operations include a diverse geographic reach, broad product lines and robust distribution platforms. This market position enables AJG to compete effectively in the broader insurance advisory, broking and solutions marketplace.
Solid Business Diversification: The IDR benefits from diversification across regions, business lines and end markets, although AJG is less diversified than some larger competitors. Fitch estimates nearly two-thirds of EBITDAC comes from retail and wholesale property and casualty (P&C) brokerage services. AJG also operates one of the largest U.S. third-party claims management businesses and reinsurance brokerage operations. Revenue and earnings are well diversified by customers and geography. The top 10 clients contribute a low-single-digit percentage of revenue, and the U.S. is AJG's largest market at nearly 70%, pro forma for Assured.
Stable Business Model: AJG operates a fairly predictable business in an industry that performs well across economic cycles, with high client retention and resilient organic trends, even during downturns such as 2008 to 2010. Organic revenue for brokerage and risk management grew by 2% in 2020 but declined by 2% to 2.5% in each 2009 and 2010. Despite weak revenue performance, overall company EBITDAC nearly doubled from 2019 to 2022 before considering a full year's worth of earnings from 2022 transactions. EBITDAC also increased materially from 2008 to 2010, driven by both organic trends and M&A.
Aggressive Acquisition Strategy: M&A will remain central to AJG's growth, posing credit and operational risks. Since January 2002, AJG has completed nearly 800 deals, primarily small tuck-in deals for under USD50 million. However, it has begun executing larger acquisitions, such as the 2021 purchase of Willis Re and the 2025 AssuredPartners deal. From 2008 to 2024, Fitch calculates AJG spent more than USD26 billion, including maximum earnouts. Assured alone would be more than half of this cumulative spend. Historically, AJG has funded M&A through a combination of debt, operating cash and a smaller portion of equity.
Stable Financial Leverage: EBITDA leverage ranged from the mid-2x to mid-3x over the past several years and roughly 1.5x to low- to mid-3x since 2007. EBITDA leverage is in the high-2.0x range as of 3Q25, excluding fully annualized M&A. Fitch projects leverage will be in the low- to mid-2.0x range in 2026-2027 although incremental M&A could lead to moderately higher leverage. (CFO-Capex)/Debt should remain strong in the high-teens percentage or higher even with additional acquisitions.
Solid Profitability: AJG's EBITDA margins have improved materially since 2021, bolstering FCF and strengthening its operating profile. Its exit from the clean energy (corporate) segment in 2022, prompted by the expiration of an internal revenue service (IRS) tax credit program, eliminated negative EBITDA and contributed to increased profitability.
Peer AnalysisAJG's ratings reflect the company's strong competitive position in the insurance brokerage industry, successful acquisition history, stable financial leverage, good financial flexibility with stable interest coverage and historically strong profits and margins.
AJG is smaller and less diversified than some of its peers, including Aon Public Limited Company (BBB+/Stable) and Marsh & McLennan Companies, Inc. (A-/Stable). However, it is among the four largest insurance brokers globally. The company has a relatively similar scale and financial leverage to Willis Towers Watson PLC (BBB+/Stable) but operates with higher margins. It is also meaningfully larger than Brown & Brown, Inc. (BBB/Stable), which has modestly higher EBITDA margins.
AJG is materially larger, more diversified and has lower financial leverage than Ryan Specialty Holdings, Inc. (BB+/Stable) and Navacord Intermediate Holdings Inc. (B/Stable).
The company's EBITDA and FCF margins are strong and have been relatively consistent with the industry. EBITDA leverage was higher than its larger peers prior to 2022, but Fitch expects it to be lower and more in line with industry peers in the future. The company's strong share position, solid margins and moderate leverage position the rating well at the 'BBB+' rating category relative to Fitch-rated peers in the insurance brokerage and business services industries.
Key Assumptions--Organic revenue growth in the mid-single digit percentage range over the next few years, with incremental contribution from M&A;
--EBITDA margin expansion in 2025, benefiting from interest income on high cash balances for most of the year, normalizing in 2026 given the use of cash for Assured acquisition; estimate of 20 to 40 basis points per year of organic expansion over the rating horizon, benefiting from operating leverage on revenue growth;
--M&A remains the primary use of cash, with Fitch estimating USD4 billion-USD6 billion per year of spend. Actual acquisition spend will vary each year, depending on deal activity;
-- Dividends assumed to increase in the high-single digit percentage range per year, or relatively in-line with 2022-2025 trends, over the ratings horizon.
RATING SENSITIVITIESFactors that Could, Individually or Collectively, Lead to Negative Rating Action/Downgrade:
--EBITDA leverage, defined as debt/EBITDA, sustained above 2.75x without a credible deleveraging plan;
--EBITDA margins trending toward the mid-20% range;
--A material change in strategy and/or deterioration of the financial profile or operating performance;
--(CFO-Capex)/Debt sustained below 15%.
Factors that Could, Individually or Collectively, Lead to Positive Rating Action/Upgrade:
--EBITDA leverage sustained below 2.0x;
--Material improvements to operating fundamentals, including revenue growth or EBITDA margins (sustained near or above 35%), could also lead Fitch to reassess the rating;
--(CFO-Capex)/Debt sustained above 25%.
Liquidity and Debt StructureSolid Liquidity: AJG has a solid liquidity position, supported by USD1.2 billion of unrestricted cash as of September 2025, a USD2.5 billion senior unsecured revolver, and strong post-dividend FCF ranging from USD1.1 billion to USD1.9 billion from 2020 to 2024. Additionally, AJG has smaller revolving facilities for its Australian and New Zealand subsidiaries. The company has a solid track record of accessing capital markets, both debt and equity, to fund its growth. AJG also maintains a sizable restricted cash balance, which includes legally restricted funds related to premiums and clients' claims. These amounts are not accessible for corporate use.
Debt Structure: AJG finances its operations, M&A and growth investments through a combination of internally generated cash, debt and equity. Corporate borrowings include:
--Senior unsecured notes with maturities ranging from 2027 to 2055;
--A wide range of private placement senior unsecured note purchase agreements with maturities ranging from 2026 to 2040;
--A USD2.5 billion multicurrency, senior unsecured revolver that matures in 2030;
--A revolving loan facility that provides funding for the company's Australian (AUD450 million commitment, including an overdraft tranche) and New Zealand (NZD40 million, including an overdraft tranche) premium finance subsidiaries. The Australian and New Zealand facility expires in October 2026.
Issuer ProfileAJG is one of the four largest global insurance brokers and one of the world's largest P&C third-party administrators. Founded in 1927, it is headquartered in Rolling Meadows, IL, and is publicly traded on the NYSE under the ticker AJG.
REFERENCES FOR SUBSTANTIALLY MATERIAL SOURCE CITED AS KEY DRIVER OF RATING The principal sources of information used in the analysis are described in the Applicable Criteria. MACROECONOMIC ASSUMPTIONS AND SECTOR FORECASTS Click here to access Fitch's latest quarterly Global Corporates Sector Forecasts Monitor data file which aggregates key data points used in our credit analysis. Fitch's macroeconomic forecasts, commodity price assumptions, default rate forecasts, sector key performance indicators and sector-level forecasts are among the data items included. ESG ConsiderationsThe highest level of ESG credit relevance is a score of '3', unless otherwise disclosed in this section. A score of '3' means ESG issues are credit-neutral or have only a minimal credit impact on the entity, either due to their nature or the way in which they are being managed by the entity. Fitch's ESG Relevance Scores are not inputs in the rating process; they are an observation on the relevance and materiality of ESG factors in the rating decision. For more information on Fitch's ESG Relevance Scores, visit https://www.fitchratings.com/topics/esg/products#esg-relevance-scores.
Arthur J. Gallagher & Co.; Long Term Issuer Default Rating; Affirmed; BBB+; Rating Outlook Stable
----senior unsecured; Long Term Rating; Affirmed; BBB+
Contacts:
Primary Rating Analyst
Rob Galtman, CFA
Senior Director
+1 312 368 2053
rob.galtman@fitchratings.com
Fitch Ratings, Inc.
One North Wacker Drive
Chicago, IL 60606
Secondary Rating Analyst
Wunmi Adekanmbi,
Director
+1 647 800 8981
wunmi.adekanmbi@fitchratings.com
Committee Chairperson
Jason Pompeii,
Senior Director
+1 312 368 3210
jason.pompeii@fitchratings.com
MEDIA RELATIONS: Eleis Brennan, New York, Tel: +1 646 582 3666, Email: eleis.brennan@thefitchgroup.com
Additional information is available on www.fitchratings.com
Applicable Model
Numbers in parentheses accompanying applicable model(s) contain hyperlinks to criteria providing description of model(s).
Corporate Monitoring & Forecasting Model (COMFORT Model), v8.2.0 (1)
ADDITIONAL DISCLOSURES
Dodd-Frank Rating Information Disclosure Form
Solicitation Status
Additional Disclosures For Unsolicited Credit Ratings
Endorsement Status
Endorsement Policy
ALL FITCH CREDIT RATINGS ARE SUBJECT TO CERTAIN LIMITATIONS AND DISCLAIMERS. PLEASE READ THESE LIMITATIONS AND DISCLAIMERS BY FOLLOWING THIS LINK: HTTPS://WWW.FITCHRATINGS.COM/UNDERSTANDINGCREDITRATINGS. IN ADDITION, THE FOLLOWING HTTPS://WWW.FITCHRATINGS.COM/RATING-DEFINITIONS-DOCUMENT DETAILS FITCH'S RATING DEFINITIONS FOR EACH RATING SCALE AND RATING CATEGORIES, INCLUDING DEFINITIONS RELATING TO DEFAULT. PUBLISHED RATINGS, CRITERIA, AND METHODOLOGIES ARE AVAILABLE FROM THIS SITE AT ALL TIMES. FITCH'S CODE OF CONDUCT, CONFIDENTIALITY, CONFLICTS OF INTEREST, AFFILIATE FIREWALL, COMPLIANCE, AND OTHER RELEVANT POLICIES AND PROCEDURES ARE ALSO AVAILABLE FROM THE CODE OF CONDUCT SECTION OF THIS SITE. DIRECTORS AND SHAREHOLDERS RELEVANT INTERESTS ARE AVAILABLE AT HTTPS://WWW.FITCHRATINGS.COM/SITE/REGULATORY. FITCH MAY HAVE PROVIDED ANOTHER PERMISSIBLE SERVICE OR ANCILLARY SERVICE TO THE RATED ENTITY OR ITS RELATED THIRD PARTIES. DETAILS OF PERMISSIBLE SERVICE(S) FOR WHICH THE LEAD ANALYST IS BASED IN AN ESMA- OR FCA-REGISTERED FITCH RATINGS COMPANY (OR BRANCH OF SUCH A COMPANY) OR ANCILLARY SERVICE(S) CAN BE FOUND ON THE ENTITY SUMMARY PAGE FOR THIS ISSUER ON THE FITCH RATINGS WEBSITE.
Copyright © 2022 by Fitch Ratings, Inc., Fitch Ratings Ltd. and its subsidiaries. 33 Whitehall Street, NY, NY 10004. Telephone: 1-800-753-4824, (212) 908-0500. Fax: (212) 480-4435. Reproduction or retransmission in whole or in part is prohibited except by permission. All rights reserved. In issuing and maintaining its ratings and in making other reports (including forecast information), Fitch relies on factual information it receives from issuers and underwriters and from other sources Fitch believes to be credible. Fitch conducts a reasonable investigation of the factual information relied upon by it in accordance with its ratings methodology, and obtains reasonable verification of that information from independent sources, to the extent such sources are available for a given security or in a given jurisdiction. The manner of Fitch’s factual investigation and the scope of the third-party verification it obtains will vary depending on the nature of the rated security and its issuer, the requirements and practices in the jurisdiction in which the rated security is offered and sold and/or the issuer is located, the availability and nature of relevant public information, access to the management of the issuer and its advisers, the availability of pre-existing third-party verifications such as audit reports, agreed-upon procedures letters, appraisals, actuarial reports, engineering reports, legal opinions and other reports provided by third parties, the availability of independent and competent third- party verification sources with respect to the particular security or in the particular jurisdiction of the issuer, and a variety of other factors. Users of Fitch’s ratings and reports should understand that neither an enhanced factual investigation nor any third-party verification can ensure that all of the information Fitch relies on in connection with a rating or a report will be accurate and complete. Ultimately, the issuer and its advisers are responsible for the accuracy of the information they provide to Fitch and to the market in offering documents and other reports. In issuing its ratings and its reports, Fitch must rely on the work of experts, including independent auditors with respect to financial statements and attorneys with respect to legal and tax matters. Further, ratings and forecasts of financial and other information are inherently forward-looking and embody assumptions and predictions about future events that by their nature cannot be verified as facts. As a result, despite any verification of current facts, ratings and forecasts can be affected by future events or conditions that were not anticipated at the time a rating or forecast was issued or affirmed.
The information in this report is provided “as is” without any representation or warranty of any kind, and Fitch does not represent or warrant that the report or any of its contents will meet any of the requirements of a recipient of the report. A Fitch rating is an opinion as to the creditworthiness of a security. This opinion and reports made by Fitch are based on established criteria and methodologies that Fitch is continuously evaluating and updating. Therefore, ratings and reports are the collective work product of Fitch and no individual, or group of individuals, is solely responsible for a rating or a report. The rating does not address the risk of loss due to risks other than credit risk, unless such risk is specifically mentioned. Fitch is not engaged in the offer or sale of any security. All Fitch reports have shared authorship. Individuals identified in a Fitch report were involved in, but are not solely responsible for, the opinions stated therein. The individuals are named for contact purposes only. A report providing a Fitch rating is neither a prospectus nor a substitute for the information assembled, verified and presented to investors by the issuer and its agents in connection with the sale of the securities. Ratings may be changed or withdrawn at any time for any reason in the sole discretion of Fitch. Fitch does not provide investment advice of any sort. Ratings are not a recommendation to buy, sell, or hold any security. Ratings do not comment on the adequacy of market price, the suitability of any security for a particular investor, or the tax-exempt nature or taxability of payments made in respect to any security. Fitch receives fees from issuers, insurers, guarantors, other obligors, and underwriters for rating securities. Such fees generally vary from US$1,000 to US$750,000 (or the applicable currency equivalent) per issue. In certain cases, Fitch will rate all or a number of issues issued by a particular issuer, or insured or guaranteed by a particular insurer or guarantor, for a single annual fee. Such fees are expected to vary from US$10,000 to US$1,500,000 (or the applicable currency equivalent). The assignment, publication, or dissemination of a rating by Fitch shall not constitute a consent by Fitch to use its name as an expert in connection with any registration statement filed under the United States securities laws, the Financial Services and Markets Act of 2000 of the United Kingdom, or the securities laws of any particular jurisdiction. Due to the relative efficiency of electronic publishing and distribution, Fitch research may be available to electronic subscribers up to three days earlier than to print subscribers.
For Australia, New Zealand, Taiwan and South Korea only: Fitch Australia Pty Ltd holds an Australian financial services license (AFS license no. 337123) which authorizes it to provide credit ratings to wholesale clients only. Credit ratings information published by Fitch is not intended to be used by persons who are retail clients within the meaning of the Corporations Act 2001
Fitch Ratings, Inc. is registered with the U.S. Securities and Exchange Commission as a Nationally Recognized Statistical Rating Organization (the “NRSRO”). While certain of the NRSRO’s credit rating subsidiaries are listed on Item 3 of Form NRSRO and as such are authorized to issue credit ratings on behalf of the NRSRO (see https://www.fitchratings.com/site/regulatory), other credit rating subsidiaries are not listed on Form NRSRO (the “non-NRSROs”) and therefore credit ratings issued by those subsidiaries are not issued on behalf of the NRSRO. However, non-NRSRO personnel may participate in determining credit ratings issued by or on behalf of the NRSRO.",null,null,null,null
AJG,Arthur J Gallagher & Co,https://www.marketbeat.com/instant-alerts/filing-arthur-j-gallagher-co-ajg-shares-purchased-by-commonwealth-of-pennsylvania-public-school-empls-retrmt-sys-2025-11-16/,Arthur J. Gallagher & Co. $AJG Shares Purchased by Commonwealth of Pennsylvania Public School Empls Retrmt SYS,MarketBeat,2025-11-16,1266,"Commonwealth of Pennsylvania Public School Empls Retrmt SYS raised its position in Arthur J. Gallagher & Co. (NYSE:AJG - Free Report) by 8.0% during the 2nd quarter, according to the company in its most recent filing with the Securities and Exchange Commission. The fund owned 62,810 shares of the financial services provider's stock after buying an additional 4,642 shares during the period. Commonwealth of Pennsylvania Public School Empls Retrmt SYS's holdings in Arthur J. Gallagher & Co. were worth $20,107,000 at the end of the most recent reporting period.
Several other hedge funds and other institutional investors have also made changes to their positions in AJG. Empower Advisory Group LLC raised its stake in Arthur J. Gallagher & Co. by 91.3% in the 2nd quarter. Empower Advisory Group LLC now owns 5,391 shares of the financial services provider's stock valued at $1,726,000 after purchasing an additional 2,573 shares during the last quarter. Hibernia Wealth Partners LLC purchased a new stake in shares of Arthur J. Gallagher & Co. during the second quarter worth $285,000. ABN Amro Investment Solutions acquired a new stake in shares of Arthur J. Gallagher & Co. in the second quarter valued at about $1,256,000. Candriam S.C.A. lifted its stake in shares of Arthur J. Gallagher & Co. by 4.1% in the second quarter. Candriam S.C.A. now owns 22,291 shares of the financial services provider's stock worth $7,136,000 after buying an additional 874 shares in the last quarter. Finally, Police & Firemen s Retirement System of New Jersey grew its stake in Arthur J. Gallagher & Co. by 7.6% during the 2nd quarter. Police & Firemen s Retirement System of New Jersey now owns 38,477 shares of the financial services provider's stock valued at $12,317,000 after acquiring an additional 2,728 shares in the last quarter. Hedge funds and other institutional investors own 85.53% of the company's stock.
Wall Street Analysts Forecast Growth
A number of research analysts have weighed in on the stock. Weiss Ratings reissued a ""buy (b-)"" rating on shares of Arthur J. Gallagher & Co. in a research note on Wednesday, October 8th. Evercore ISI reduced their price target on Arthur J. Gallagher & Co. from $370.00 to $353.00 and set an ""outperform"" rating on the stock in a report on Friday, October 31st. The Goldman Sachs Group dropped their price objective on shares of Arthur J. Gallagher & Co. from $361.00 to $315.00 and set a ""buy"" rating for the company in a report on Friday, October 31st. Cantor Fitzgerald raised shares of Arthur J. Gallagher & Co. to a ""strong-buy"" rating in a research note on Wednesday, August 13th. Finally, Erste Group Bank reissued a ""hold"" rating on shares of Arthur J. Gallagher & Co. in a research note on Wednesday, July 23rd. One equities research analyst has rated the stock with a Strong Buy rating, eight have assigned a Buy rating and eight have given a Hold rating to the company. According to data from MarketBeat.com, the company presently has an average rating of ""Moderate Buy"" and a consensus target price of $323.64.
Get Our Latest Stock Analysis on Arthur J. Gallagher & Co.
Insider Transactions at Arthur J. Gallagher & Co.
In other Arthur J. Gallagher & Co. news, VP Michael Robert Pesch acquired 4,000 shares of the stock in a transaction dated Monday, November 3rd. The stock was acquired at an average price of $247.12 per share, with a total value of $988,480.00. Following the completion of the purchase, the vice president owned 41,849 shares in the company, valued at $10,341,724.88. This trade represents a 10.57% increase in their position. The purchase was disclosed in a legal filing with the Securities & Exchange Commission, which can be accessed through this link. Also, CFO Douglas K. Howell sold 8,000 shares of the company's stock in a transaction that occurred on Monday, September 22nd. The stock was sold at an average price of $299.54, for a total transaction of $2,396,320.00. Following the sale, the chief financial officer directly owned 100,777 shares in the company, valued at approximately $30,186,742.58. The trade was a 7.35% decrease in their ownership of the stock. The SEC filing for this sale provides additional information. Over the last quarter, insiders have sold 29,855 shares of company stock valued at $8,916,928. 1.60% of the stock is currently owned by corporate insiders.
Arthur J. Gallagher & Co. Trading Up 0.7%
Shares of AJG stock opened at $258.53 on Friday. Arthur J. Gallagher & Co. has a 1-year low of $239.47 and a 1-year high of $351.23. The firm has a market cap of $66.39 billion, a PE ratio of 36.72 and a beta of 0.71. The company has a 50-day moving average of $284.84 and a two-hundred day moving average of $304.78. The company has a debt-to-equity ratio of 0.52, a current ratio of 1.36 and a quick ratio of 1.36.
Arthur J. Gallagher & Co. (NYSE:AJG - Get Free Report) last posted its earnings results on Thursday, October 30th. The financial services provider reported $2.32 earnings per share for the quarter, missing the consensus estimate of $2.51 by ($0.19). Arthur J. Gallagher & Co. had a net margin of 14.54% and a return on equity of 13.17%. The company had revenue of $3.33 billion during the quarter, compared to analyst estimates of $3.34 billion. During the same quarter last year, the business posted $2.26 EPS. The firm's revenue for the quarter was up 20.2% on a year-over-year basis. On average, analysts predict that Arthur J. Gallagher & Co. will post 11.54 EPS for the current year.
Arthur J. Gallagher & Co. Dividend Announcement
The firm also recently declared a quarterly dividend, which will be paid on Friday, December 19th. Shareholders of record on Friday, December 5th will be paid a dividend of $0.65 per share. The ex-dividend date is Friday, December 5th. This represents a $2.60 dividend on an annualized basis and a yield of 1.0%. Arthur J. Gallagher & Co.'s dividend payout ratio is 38.86%.
About Arthur J. Gallagher & Co.
(
Free Report)
Arthur J. Gallagher & Co engages in the provision of insurance brokerage, reinsurance brokerage, consulting, and third-party claims settlement and administration services. It operates through the following segments: Brokerage, Risk Management, and Corporate. The Brokerage segment consists of retail and wholesale insurance brokerage operations.
Read More
Want to see what other hedge funds are holding AJG? Visit HoldingsChannel.com to get the latest 13F filings and insider trades for Arthur J. Gallagher & Co. (NYSE:AJG - Free Report).
This instant news alert was generated by narrative science technology and financial data from MarketBeat in order to provide readers with the fastest reporting and unbiased coverage. Please send any questions or comments about this story to contact@marketbeat.com.
Before you consider Arthur J. Gallagher & Co., you'll want to hear this.
MarketBeat keeps track of Wall Street's top-rated and best performing research analysts and the stocks they recommend to their clients on a daily basis. MarketBeat has identified the five stocks that top analysts are quietly whispering to their clients to buy now before the broader market catches on... and Arthur J. Gallagher & Co. wasn't on the list.
While Arthur J. Gallagher & Co. currently has a Moderate Buy rating among analysts, top-rated analysts believe these five stocks are better buys.
View The Five Stocks Here
With the proliferation of data centers and electric vehicles, the electric grid will only get more strained. Download this report to learn how energy stocks can play a role in your portfolio as the global demand for energy continues to grow.
Get This Free Report",null,null,null,null
AJG,Arthur J Gallagher & Co,https://www.marketbeat.com/instant-alerts/filing-arthur-j-gallagher-co-ajg-stock-position-boosted-by-empower-advisory-group-llc-2025-11-16/,Arthur J. Gallagher & Co. $AJG Stock Position Boosted by Empower Advisory Group LLC,MarketBeat,2025-11-16,1431,"Empower Advisory Group LLC raised its stake in shares of Arthur J. Gallagher & Co. (NYSE:AJG - Free Report) by 91.3% during the 2nd quarter, according to the company in its most recent 13F filing with the Securities and Exchange Commission. The firm owned 5,391 shares of the financial services provider's stock after buying an additional 2,573 shares during the period. Empower Advisory Group LLC's holdings in Arthur J. Gallagher & Co. were worth $1,726,000 as of its most recent SEC filing.
A number of other institutional investors also recently made changes to their positions in AJG. J.Safra Asset Management Corp increased its stake in shares of Arthur J. Gallagher & Co. by 209.1% during the second quarter. J.Safra Asset Management Corp now owns 102 shares of the financial services provider's stock valued at $32,000 after acquiring an additional 69 shares during the period. AlphaQuest LLC acquired a new position in shares of Arthur J. Gallagher & Co. during the 1st quarter valued at $33,000. Saudi Central Bank bought a new stake in shares of Arthur J. Gallagher & Co. in the 1st quarter worth $34,000. Motco lifted its holdings in shares of Arthur J. Gallagher & Co. by 700.0% in the first quarter. Motco now owns 112 shares of the financial services provider's stock valued at $39,000 after buying an additional 98 shares during the period. Finally, SouthState Corp bought a new position in Arthur J. Gallagher & Co. during the first quarter valued at about $39,000. 85.53% of the stock is owned by institutional investors and hedge funds.
Analyst Ratings Changes
Several equities research analysts have commented on AJG shares. Cantor Fitzgerald upgraded shares of Arthur J. Gallagher & Co. to a ""strong-buy"" rating in a research report on Wednesday, August 13th. Cowen reiterated a ""buy"" rating on shares of Arthur J. Gallagher & Co. in a report on Friday, October 31st. Piper Sandler reduced their target price on shares of Arthur J. Gallagher & Co. from $340.00 to $295.00 and set an ""overweight"" rating for the company in a report on Friday, October 31st. Keefe, Bruyette & Woods dropped their price target on Arthur J. Gallagher & Co. from $315.00 to $275.00 and set a ""market perform"" rating on the stock in a report on Friday, October 31st. Finally, UBS Group increased their price objective on Arthur J. Gallagher & Co. from $322.00 to $329.00 and gave the company a ""neutral"" rating in a research report on Friday, September 19th. One analyst has rated the stock with a Strong Buy rating, eight have given a Buy rating and eight have assigned a Hold rating to the stock. According to data from MarketBeat.com, the stock currently has an average rating of ""Moderate Buy"" and a consensus price target of $323.64.
View Our Latest Analysis on AJG
Arthur J. Gallagher & Co. Stock Up 0.7%
AJG stock opened at $258.53 on Friday. Arthur J. Gallagher & Co. has a 52-week low of $239.47 and a 52-week high of $351.23. The company's 50 day simple moving average is $284.84 and its 200-day simple moving average is $304.78. The company has a debt-to-equity ratio of 0.52, a current ratio of 1.36 and a quick ratio of 1.36. The firm has a market capitalization of $66.39 billion, a P/E ratio of 36.72 and a beta of 0.71.
Arthur J. Gallagher & Co. (NYSE:AJG - Get Free Report) last posted its quarterly earnings data on Thursday, October 30th. The financial services provider reported $2.32 EPS for the quarter, missing analysts' consensus estimates of $2.51 by ($0.19). Arthur J. Gallagher & Co. had a return on equity of 13.17% and a net margin of 14.54%.The firm had revenue of $3.33 billion during the quarter, compared to analyst estimates of $3.34 billion. During the same period in the prior year, the business posted $2.26 EPS. The company's revenue for the quarter was up 20.2% on a year-over-year basis. As a group, equities research analysts anticipate that Arthur J. Gallagher & Co. will post 11.54 EPS for the current year.
Arthur J. Gallagher & Co. Dividend Announcement
The firm also recently declared a quarterly dividend, which will be paid on Friday, December 19th. Stockholders of record on Friday, December 5th will be issued a dividend of $0.65 per share. The ex-dividend date is Friday, December 5th. This represents a $2.60 dividend on an annualized basis and a dividend yield of 1.0%. Arthur J. Gallagher & Co.'s payout ratio is currently 38.86%.
Insider Activity at Arthur J. Gallagher & Co.
In other news, CFO Douglas K. Howell sold 8,000 shares of the company's stock in a transaction dated Monday, September 22nd. The stock was sold at an average price of $299.54, for a total value of $2,396,320.00. Following the transaction, the chief financial officer owned 100,777 shares in the company, valued at $30,186,742.58. This represents a 7.35% decrease in their position. The sale was disclosed in a document filed with the Securities & Exchange Commission, which is available at this link. Also, VP Scott R. Hudson sold 12,855 shares of the firm's stock in a transaction that occurred on Monday, September 8th. The stock was sold at an average price of $297.60, for a total transaction of $3,825,648.00. Following the sale, the vice president owned 85,920 shares of the company's stock, valued at approximately $25,569,792. This represents a 13.01% decrease in their ownership of the stock. The SEC filing for this sale provides additional information. Over the last ninety days, insiders have sold 29,855 shares of company stock valued at $8,916,928. Company insiders own 1.60% of the company's stock.
Arthur J. Gallagher & Co. Company Profile
(
Free Report)
Arthur J. Gallagher & Co engages in the provision of insurance brokerage, reinsurance brokerage, consulting, and third-party claims settlement and administration services. It operates through the following segments: Brokerage, Risk Management, and Corporate. The Brokerage segment consists of retail and wholesale insurance brokerage operations.
Further Reading
Want to see what other hedge funds are holding AJG? Visit HoldingsChannel.com to get the latest 13F filings and insider trades for Arthur J. Gallagher & Co. (NYSE:AJG - Free Report).
This instant news alert was generated by narrative science technology and financial data from MarketBeat in order to provide readers with the fastest reporting and unbiased coverage. Please send any questions or comments about this story to contact@marketbeat.com.
Before you consider Arthur J. Gallagher & Co., you'll want to hear this.
MarketBeat keeps track of Wall Street's top-rated and best performing research analysts and the stocks they recommend to their clients on a daily basis. MarketBeat has identified the five stocks that top analysts are quietly whispering to their clients to buy now before the broader market catches on... and Arthur J. Gallagher & Co. wasn't on the list.
While Arthur J. Gallagher & Co. currently has a Moderate Buy rating among analysts, top-rated analysts believe these five stocks are better buys.
View The Five Stocks Here
We are about to experience the greatest A.I. boom in stock market history...
Thanks to a pivotal economic catalyst, specific tech stocks will skyrocket just like they did during the ""dot com"" boom in the 1990s.
That’s why, we’ve hand-selected 7 tiny tech disruptor stocks positioned to surge.
- The first pick is a tiny under-the-radar A.I. stock that's trading for just $3.00. This company already has 98 registered patents for cutting-edge voice and sound recognition technology... And has lined up major partnerships with some of the biggest names in the auto, tech, and music industry... plus many more.
- The second pick presents an affordable avenue to bolster EVs and AI development…. Analysts are calling this stock a “buy” right now and predict a high price target of $19.20, substantially more than its current $6 trading price.
- Our final and favorite pick is generating a brand-new kind of AI. It's believed this tech will be bigger than the current well-known leader in this industry… Analysts predict this innovative tech is gearing up to create a tidal wave of new wealth, fueling a $15.7 TRILLION market boom.
Right now, we’re staring down the barrel of a true once-in-a-lifetime moment. As an investment opportunity, this kind of breakthrough doesn't come along every day.
And the window to get in on the ground-floor — maximizing profit potential from this expected market surge — is closing quickly...
Simply enter your email below to get the names and tickers of the 7 small stocks with potential to make investors very, very happy.
Get This Free Report
Like this article? Share it with a colleague.
Link copied to clipboard.",null,null,null,null
AJG,Arthur J Gallagher & Co,https://www.marketbeat.com/instant-alerts/filing-arthur-j-gallagher-co-ajg-shares-acquired-by-intech-investment-management-llc-2025-11-16/,Arthur J. Gallagher & Co. $AJG Shares Acquired by Intech Investment Management LLC,MarketBeat,2025-11-16,1330,"Intech Investment Management LLC lifted its stake in shares of Arthur J. Gallagher & Co. (NYSE:AJG - Free Report) by 6.0% during the 2nd quarter, according to its most recent Form 13F filing with the SEC. The fund owned 28,570 shares of the financial services provider's stock after purchasing an additional 1,615 shares during the period. Intech Investment Management LLC's holdings in Arthur J. Gallagher & Co. were worth $9,146,000 as of its most recent filing with the SEC.
Several other hedge funds and other institutional investors have also recently bought and sold shares of the company. Vanguard Group Inc. lifted its holdings in Arthur J. Gallagher & Co. by 2.5% during the 1st quarter. Vanguard Group Inc. now owns 30,411,264 shares of the financial services provider's stock worth $10,499,185,000 after buying an additional 739,130 shares during the last quarter. JPMorgan Chase & Co. raised its position in shares of Arthur J. Gallagher & Co. by 38.3% during the 1st quarter. JPMorgan Chase & Co. now owns 17,372,745 shares of the financial services provider's stock valued at $5,997,767,000 after acquiring an additional 4,815,007 shares in the last quarter. Wellington Management Group LLP lifted its stake in Arthur J. Gallagher & Co. by 4.9% during the first quarter. Wellington Management Group LLP now owns 2,959,673 shares of the financial services provider's stock worth $1,021,798,000 after purchasing an additional 137,354 shares during the last quarter. WCM Investment Management LLC boosted its holdings in Arthur J. Gallagher & Co. by 5.5% in the second quarter. WCM Investment Management LLC now owns 2,464,662 shares of the financial services provider's stock worth $783,097,000 after purchasing an additional 128,071 shares during the period. Finally, Mitsubishi UFJ Asset Management Co. Ltd. increased its stake in Arthur J. Gallagher & Co. by 4.2% during the second quarter. Mitsubishi UFJ Asset Management Co. Ltd. now owns 2,381,835 shares of the financial services provider's stock valued at $762,473,000 after purchasing an additional 94,940 shares during the last quarter. 85.53% of the stock is owned by institutional investors.
Arthur J. Gallagher & Co. Price Performance
NYSE AJG opened at $258.53 on Friday. The company has a 50-day moving average price of $284.84 and a two-hundred day moving average price of $304.78. Arthur J. Gallagher & Co. has a 52 week low of $239.47 and a 52 week high of $351.23. The stock has a market cap of $66.39 billion, a price-to-earnings ratio of 36.72 and a beta of 0.71. The company has a current ratio of 1.36, a quick ratio of 1.36 and a debt-to-equity ratio of 0.52.
Arthur J. Gallagher & Co. (NYSE:AJG - Get Free Report) last released its quarterly earnings results on Thursday, October 30th. The financial services provider reported $2.32 earnings per share for the quarter, missing analysts' consensus estimates of $2.51 by ($0.19). Arthur J. Gallagher & Co. had a net margin of 14.54% and a return on equity of 13.17%. The business had revenue of $3.33 billion for the quarter, compared to the consensus estimate of $3.34 billion. During the same period last year, the firm posted $2.26 EPS. The business's quarterly revenue was up 20.2% on a year-over-year basis. Analysts forecast that Arthur J. Gallagher & Co. will post 11.54 EPS for the current year.
Arthur J. Gallagher & Co. Announces Dividend
The firm also recently declared a quarterly dividend, which will be paid on Friday, December 19th. Shareholders of record on Friday, December 5th will be given a dividend of $0.65 per share. This represents a $2.60 dividend on an annualized basis and a yield of 1.0%. The ex-dividend date is Friday, December 5th. Arthur J. Gallagher & Co.'s payout ratio is 38.86%.
Wall Street Analyst Weigh In
A number of research analysts have recently issued reports on AJG shares. Piper Sandler reduced their price target on shares of Arthur J. Gallagher & Co. from $340.00 to $295.00 and set an ""overweight"" rating on the stock in a research report on Friday, October 31st. Evercore ISI cut their target price on shares of Arthur J. Gallagher & Co. from $370.00 to $353.00 and set an ""outperform"" rating on the stock in a report on Friday, October 31st. Wells Fargo & Company lifted their target price on Arthur J. Gallagher & Co. from $365.00 to $366.00 and gave the company an ""overweight"" rating in a research note on Wednesday, October 8th. Keefe, Bruyette & Woods dropped their price target on Arthur J. Gallagher & Co. from $315.00 to $275.00 and set a ""market perform"" rating on the stock in a research report on Friday, October 31st. Finally, The Goldman Sachs Group cut their price target on Arthur J. Gallagher & Co. from $361.00 to $315.00 and set a ""buy"" rating on the stock in a report on Friday, October 31st. One equities research analyst has rated the stock with a Strong Buy rating, eight have issued a Buy rating and eight have given a Hold rating to the stock. According to MarketBeat, Arthur J. Gallagher & Co. has an average rating of ""Moderate Buy"" and a consensus target price of $323.64.
Get Our Latest Report on Arthur J. Gallagher & Co.
Insider Transactions at Arthur J. Gallagher & Co.
In other news, VP Scott R. Hudson sold 12,855 shares of the firm's stock in a transaction on Monday, September 8th. The stock was sold at an average price of $297.60, for a total transaction of $3,825,648.00. Following the transaction, the vice president directly owned 85,920 shares of the company's stock, valued at approximately $25,569,792. This trade represents a 13.01% decrease in their ownership of the stock. The sale was disclosed in a document filed with the Securities & Exchange Commission, which is accessible through the SEC website. Also, VP Michael Robert Pesch acquired 4,000 shares of the business's stock in a transaction that occurred on Monday, November 3rd. The shares were bought at an average price of $247.12 per share, for a total transaction of $988,480.00. Following the completion of the purchase, the vice president owned 41,849 shares of the company's stock, valued at approximately $10,341,724.88. This represents a 10.57% increase in their ownership of the stock. The disclosure for this purchase is available in the SEC filing. Over the last quarter, insiders sold 29,855 shares of company stock valued at $8,916,928. 1.60% of the stock is currently owned by corporate insiders.
Arthur J. Gallagher & Co. Company Profile
(
Free Report)
Arthur J. Gallagher & Co engages in the provision of insurance brokerage, reinsurance brokerage, consulting, and third-party claims settlement and administration services. It operates through the following segments: Brokerage, Risk Management, and Corporate. The Brokerage segment consists of retail and wholesale insurance brokerage operations.
Featured Stories
Want to see what other hedge funds are holding AJG? Visit HoldingsChannel.com to get the latest 13F filings and insider trades for Arthur J. Gallagher & Co. (NYSE:AJG - Free Report).
This instant news alert was generated by narrative science technology and financial data from MarketBeat in order to provide readers with the fastest reporting and unbiased coverage. Please send any questions or comments about this story to contact@marketbeat.com.
Before you consider Arthur J. Gallagher & Co., you'll want to hear this.
MarketBeat keeps track of Wall Street's top-rated and best performing research analysts and the stocks they recommend to their clients on a daily basis. MarketBeat has identified the five stocks that top analysts are quietly whispering to their clients to buy now before the broader market catches on... and Arthur J. Gallagher & Co. wasn't on the list.
While Arthur J. Gallagher & Co. currently has a Moderate Buy rating among analysts, top-rated analysts believe these five stocks are better buys.
View The Five Stocks Here
Enter your email address and we'll send you MarketBeat's list of ten stocks that are set to soar in 2026, despite the threat of tariffs and other economic uncertainty. These ten stocks are incredibly resilient and are likely to thrive in any economic environment.
Get This Free Report",null,null,null,null
AJG,Arthur J Gallagher & Co,https://www.marketbeat.com/instant-alerts/filing-massachusetts-financial-services-co-ma-cuts-position-in-arthur-j-gallagher-co-ajg-2025-11-15/,Massachusetts Financial Services Co. MA Cuts Position in Arthur J. Gallagher & Co. $AJG,MarketBeat,2025-11-15,1230,"Massachusetts Financial Services Co. MA trimmed its holdings in shares of Arthur J. Gallagher & Co. (NYSE:AJG - Free Report) by 4.8% during the second quarter, according to the company in its most recent Form 13F filing with the Securities & Exchange Commission. The institutional investor owned 2,734,635 shares of the financial services provider's stock after selling 138,414 shares during the period. Massachusetts Financial Services Co. MA owned about 1.07% of Arthur J. Gallagher & Co. worth $875,411,000 at the end of the most recent reporting period.
A number of other hedge funds have also made changes to their positions in the business. JPMorgan Chase & Co. grew its stake in shares of Arthur J. Gallagher & Co. by 38.3% in the first quarter. JPMorgan Chase & Co. now owns 17,372,745 shares of the financial services provider's stock worth $5,997,767,000 after purchasing an additional 4,815,007 shares in the last quarter. Vanguard Group Inc. increased its stake in Arthur J. Gallagher & Co. by 2.5% during the 1st quarter. Vanguard Group Inc. now owns 30,411,264 shares of the financial services provider's stock valued at $10,499,185,000 after buying an additional 739,130 shares during the period. Nuveen LLC acquired a new stake in shares of Arthur J. Gallagher & Co. in the 1st quarter worth approximately $240,665,000. 1832 Asset Management L.P. increased its stake in shares of Arthur J. Gallagher & Co. by 3,142.2% during the first quarter. 1832 Asset Management L.P. now owns 640,911 shares of the financial services provider's stock valued at $221,268,000 after acquiring an additional 621,143 shares during the period. Finally, DSM Capital Partners LLC acquired a new stake in Arthur J. Gallagher & Co. in the first quarter worth approximately $136,565,000. Hedge funds and other institutional investors own 85.53% of the company's stock.
Arthur J. Gallagher & Co. Stock Up 0.7%
Arthur J. Gallagher & Co. stock opened at $258.53 on Friday. The firm's 50 day moving average price is $284.84 and its two-hundred day moving average price is $304.86. The firm has a market cap of $66.39 billion, a PE ratio of 36.72 and a beta of 0.71. Arthur J. Gallagher & Co. has a twelve month low of $239.47 and a twelve month high of $351.23. The company has a debt-to-equity ratio of 0.52, a quick ratio of 1.36 and a current ratio of 1.36.
Arthur J. Gallagher & Co. (NYSE:AJG - Get Free Report) last released its quarterly earnings data on Thursday, October 30th. The financial services provider reported $2.32 earnings per share (EPS) for the quarter, missing analysts' consensus estimates of $2.51 by ($0.19). Arthur J. Gallagher & Co. had a net margin of 14.54% and a return on equity of 13.17%. The firm had revenue of $3.33 billion for the quarter, compared to analyst estimates of $3.34 billion. During the same period in the previous year, the business posted $2.26 EPS. Arthur J. Gallagher & Co.'s revenue for the quarter was up 20.2% on a year-over-year basis. On average, research analysts predict that Arthur J. Gallagher & Co. will post 11.54 EPS for the current fiscal year.
Arthur J. Gallagher & Co. Announces Dividend
The business also recently declared a quarterly dividend, which will be paid on Friday, December 19th. Shareholders of record on Friday, December 5th will be given a $0.65 dividend. The ex-dividend date of this dividend is Friday, December 5th. This represents a $2.60 dividend on an annualized basis and a dividend yield of 1.0%. Arthur J. Gallagher & Co.'s payout ratio is currently 38.86%.
Analyst Ratings Changes
AJG has been the topic of a number of research reports. Keefe, Bruyette & Woods dropped their price objective on Arthur J. Gallagher & Co. from $315.00 to $275.00 and set a ""market perform"" rating on the stock in a research note on Friday, October 31st. UBS Group boosted their target price on shares of Arthur J. Gallagher & Co. from $322.00 to $329.00 and gave the stock a ""neutral"" rating in a report on Friday, September 19th. Cowen restated a ""buy"" rating on shares of Arthur J. Gallagher & Co. in a research report on Friday, October 31st. Citigroup reduced their price objective on Arthur J. Gallagher & Co. from $330.00 to $277.00 and set a ""neutral"" rating for the company in a research note on Monday, November 3rd. Finally, Piper Sandler reduced their target price on Arthur J. Gallagher & Co. from $340.00 to $295.00 and set an ""overweight"" rating for the company in a report on Friday, October 31st. One investment analyst has rated the stock with a Strong Buy rating, eight have given a Buy rating and eight have issued a Hold rating to the company's stock. According to MarketBeat, the stock presently has an average rating of ""Moderate Buy"" and a consensus target price of $323.64.
Get Our Latest Analysis on Arthur J. Gallagher & Co.
Insiders Place Their Bets
In other news, CFO Douglas K. Howell sold 8,000 shares of the business's stock in a transaction on Monday, September 22nd. The shares were sold at an average price of $299.54, for a total value of $2,396,320.00. Following the completion of the sale, the chief financial officer directly owned 100,777 shares in the company, valued at approximately $30,186,742.58. The trade was a 7.35% decrease in their ownership of the stock. The sale was disclosed in a filing with the Securities & Exchange Commission, which can be accessed through this hyperlink. Also, VP Scott R. Hudson sold 12,855 shares of Arthur J. Gallagher & Co. stock in a transaction on Monday, September 8th. The stock was sold at an average price of $297.60, for a total transaction of $3,825,648.00. Following the completion of the transaction, the vice president owned 85,920 shares in the company, valued at $25,569,792. This trade represents a 13.01% decrease in their position. The SEC filing for this sale provides additional information. Insiders sold 29,855 shares of company stock valued at $8,916,928 over the last 90 days. 1.60% of the stock is currently owned by company insiders.
Arthur J. Gallagher & Co. Company Profile
(
Free Report)
Arthur J. Gallagher & Co engages in the provision of insurance brokerage, reinsurance brokerage, consulting, and third-party claims settlement and administration services. It operates through the following segments: Brokerage, Risk Management, and Corporate. The Brokerage segment consists of retail and wholesale insurance brokerage operations.
Recommended Stories
This instant news alert was generated by narrative science technology and financial data from MarketBeat in order to provide readers with the fastest reporting and unbiased coverage. Please send any questions or comments about this story to contact@marketbeat.com.
Before you consider Arthur J. Gallagher & Co., you'll want to hear this.
MarketBeat keeps track of Wall Street's top-rated and best performing research analysts and the stocks they recommend to their clients on a daily basis. MarketBeat has identified the five stocks that top analysts are quietly whispering to their clients to buy now before the broader market catches on... and Arthur J. Gallagher & Co. wasn't on the list.
While Arthur J. Gallagher & Co. currently has a Moderate Buy rating among analysts, top-rated analysts believe these five stocks are better buys.
View The Five Stocks Here
Looking for the next FAANG stock before everyone has heard about it? Enter your email address to see which stocks MarketBeat analysts think might become the next trillion dollar tech company.
Get This Free Report",null,null,null,null
AJG,Arthur J Gallagher & Co,https://www.marketbeat.com/instant-alerts/filing-pnc-financial-services-group-inc-grows-stock-position-in-arthur-j-gallagher-co-ajg-2025-11-15/,PNC Financial Services Group Inc. Grows Stock Position in Arthur J. Gallagher & Co. $AJG,MarketBeat,2025-11-15,1199,"PNC Financial Services Group Inc. grew its stake in shares of Arthur J. Gallagher & Co. (NYSE:AJG - Free Report) by 27.4% in the second quarter, according to the company in its most recent filing with the Securities and Exchange Commission (SEC). The fund owned 87,146 shares of the financial services provider's stock after acquiring an additional 18,733 shares during the quarter. PNC Financial Services Group Inc.'s holdings in Arthur J. Gallagher & Co. were worth $27,897,000 at the end of the most recent quarter.
A number of other institutional investors have also recently bought and sold shares of the stock. J.Safra Asset Management Corp boosted its holdings in shares of Arthur J. Gallagher & Co. by 209.1% in the 2nd quarter. J.Safra Asset Management Corp now owns 102 shares of the financial services provider's stock valued at $32,000 after purchasing an additional 69 shares during the last quarter. AlphaQuest LLC acquired a new stake in Arthur J. Gallagher & Co. during the 1st quarter worth approximately $33,000. Saudi Central Bank purchased a new stake in Arthur J. Gallagher & Co. during the first quarter worth approximately $34,000. Motco raised its stake in shares of Arthur J. Gallagher & Co. by 700.0% in the 1st quarter. Motco now owns 112 shares of the financial services provider's stock valued at $39,000 after acquiring an additional 98 shares during the period. Finally, SouthState Corp acquired a new position in shares of Arthur J. Gallagher & Co. during the 1st quarter valued at $39,000. 85.53% of the stock is currently owned by hedge funds and other institutional investors.
Arthur J. Gallagher & Co. Trading Up 0.7%
AJG opened at $258.53 on Friday. The stock has a market capitalization of $66.39 billion, a PE ratio of 36.72 and a beta of 0.71. The company has a debt-to-equity ratio of 0.52, a current ratio of 1.36 and a quick ratio of 1.36. Arthur J. Gallagher & Co. has a 12-month low of $239.47 and a 12-month high of $351.23. The firm's fifty day moving average price is $284.84 and its 200 day moving average price is $304.86.
Arthur J. Gallagher & Co. (NYSE:AJG - Get Free Report) last issued its earnings results on Thursday, October 30th. The financial services provider reported $2.32 earnings per share (EPS) for the quarter, missing analysts' consensus estimates of $2.51 by ($0.19). The company had revenue of $3.33 billion during the quarter, compared to analyst estimates of $3.34 billion. Arthur J. Gallagher & Co. had a net margin of 14.54% and a return on equity of 13.17%. The business's revenue for the quarter was up 20.2% compared to the same quarter last year. During the same quarter last year, the company posted $2.26 EPS. As a group, research analysts expect that Arthur J. Gallagher & Co. will post 11.54 EPS for the current fiscal year.
Arthur J. Gallagher & Co. Announces Dividend
The company also recently declared a quarterly dividend, which will be paid on Friday, December 19th. Stockholders of record on Friday, December 5th will be issued a $0.65 dividend. This represents a $2.60 dividend on an annualized basis and a dividend yield of 1.0%. The ex-dividend date is Friday, December 5th. Arthur J. Gallagher & Co.'s payout ratio is 38.86%.
Wall Street Analysts Forecast Growth
Several research analysts have commented on the company. Weiss Ratings reissued a ""buy (b-)"" rating on shares of Arthur J. Gallagher & Co. in a research report on Wednesday, October 8th. The Goldman Sachs Group dropped their target price on Arthur J. Gallagher & Co. from $361.00 to $315.00 and set a ""buy"" rating on the stock in a report on Friday, October 31st. UBS Group upped their price target on Arthur J. Gallagher & Co. from $322.00 to $329.00 and gave the stock a ""neutral"" rating in a report on Friday, September 19th. Erste Group Bank reiterated a ""hold"" rating on shares of Arthur J. Gallagher & Co. in a research note on Wednesday, July 23rd. Finally, Cowen reaffirmed a ""buy"" rating on shares of Arthur J. Gallagher & Co. in a report on Friday, October 31st. One equities research analyst has rated the stock with a Strong Buy rating, eight have assigned a Buy rating and eight have issued a Hold rating to the stock. Based on data from MarketBeat, the company presently has an average rating of ""Moderate Buy"" and an average price target of $323.64.
Read Our Latest Stock Report on Arthur J. Gallagher & Co.
Insider Activity at Arthur J. Gallagher & Co.
In related news, CFO Douglas K. Howell sold 8,000 shares of the firm's stock in a transaction on Monday, September 22nd. The stock was sold at an average price of $299.54, for a total transaction of $2,396,320.00. Following the transaction, the chief financial officer directly owned 100,777 shares in the company, valued at $30,186,742.58. This trade represents a 7.35% decrease in their ownership of the stock. The sale was disclosed in a document filed with the SEC, which is available through this hyperlink. Also, VP Michael Robert Pesch bought 4,000 shares of the company's stock in a transaction on Monday, November 3rd. The shares were acquired at an average cost of $247.12 per share, for a total transaction of $988,480.00. Following the completion of the acquisition, the vice president directly owned 41,849 shares of the company's stock, valued at $10,341,724.88. This trade represents a 10.57% increase in their position. The SEC filing for this purchase provides additional information. In the last ninety days, insiders have sold 29,855 shares of company stock valued at $8,916,928. Corporate insiders own 1.60% of the company's stock.
About Arthur J. Gallagher & Co.
(
Free Report)
Arthur J. Gallagher & Co engages in the provision of insurance brokerage, reinsurance brokerage, consulting, and third-party claims settlement and administration services. It operates through the following segments: Brokerage, Risk Management, and Corporate. The Brokerage segment consists of retail and wholesale insurance brokerage operations.
Featured Stories
Want to see what other hedge funds are holding AJG? Visit HoldingsChannel.com to get the latest 13F filings and insider trades for Arthur J. Gallagher & Co. (NYSE:AJG - Free Report).
This instant news alert was generated by narrative science technology and financial data from MarketBeat in order to provide readers with the fastest reporting and unbiased coverage. Please send any questions or comments about this story to contact@marketbeat.com.
Before you consider Arthur J. Gallagher & Co., you'll want to hear this.
MarketBeat keeps track of Wall Street's top-rated and best performing research analysts and the stocks they recommend to their clients on a daily basis. MarketBeat has identified the five stocks that top analysts are quietly whispering to their clients to buy now before the broader market catches on... and Arthur J. Gallagher & Co. wasn't on the list.
While Arthur J. Gallagher & Co. currently has a Moderate Buy rating among analysts, top-rated analysts believe these five stocks are better buys.
View The Five Stocks Here
Explore Elon Musk’s boldest ventures yet—from AI and autonomy to space colonization—and find out how investors can ride the next wave of innovation.
Get This Free Report
Like this article? Share it with a colleague.
Link copied to clipboard.",null,null,null,null
MMC,Marsh & McLennan Companies Inc,https://www.businessinsurance.com/marsh-mclennans-ma-activity-surges-as-revenue-and-profit-climb/,"Marsh McLennan’s M&A activity surges, as revenue and profit climb",null,2024-10-17,566,"Marsh & McLennan Cos. Inc. is on track for the largest mergers and acquisitions year in its history, buoyed by its proposed $7.75 billion acquisition of McGriff Insurance Services LLC, top executives at the brokerage said Thursday as it reported higher revenue and profit for the quarter.
Meanwhile, insurance prices fell in the third quarter in several major lines, but casualty rates were up, with U.S. excess casualty rates up 20%, the executives said.
Next year’s property insurance and reinsurance pricing will be impacted by Hurricanes Helene and Milton, and property catastrophe rates could flatten, they said on an earnings call with analysts Thursday morning.
The ultimate insured loss from Hurricanes Helene and Milton won’t be known for some time, but “the impact of these storms will be significant,” Marsh McLennan President and CEO John Doyle said on the call.
Marsh McLennan has committed nearly $10 billion to acquisitions year-to-date including the McGriff transaction, which will add about $1.3 billion in annual revenue and 3,500 employees, Mr. Doyle said.
The McGriff acquisition, expected to close by year-end, will drive growth and expand the reach of Marsh McLennan Agency in the “vast and growing middle-market segment,” Mr. Doyle said.
Marsh McLennan reported third-quarter revenue of $5.69 billion, up 6% overall and 5% on an underlying basis from the same period last year, driven by strong growth in its risk and insurance services business.
Marsh LLC, its main brokerage arm, reported $2.93 billion in revenue, up 9% overall and 7% on an underlying basis. Marsh’s business in the U.S. and Canada recorded $1.71 billion in revenue, up 10% overall and 6% on an underlying basis.
Marsh saw a good balance of growth internationally and in the U.S., with double-digit growth in capital markets and M&A products, said Martin South, president and CEO of Marsh. Construction and aviation also performed well, he said.
Reinsurance brokerage arm Guy Carpenter & Co. LLC reported $381 million in third-quarter revenue, up 6% overall and 7% on an underlying basis.
In Marsh McLennan’s consulting business, Mercer reported $1.45 billion in revenue, a 2% increase overall, and Oliver Wyman reported $810 million, up 4% overall.
Net income rose to $747 million, a 2.3% increase over last year’s third quarter.
Marsh’s global insurance rate index fell 1% overall in the quarter, versus being flat in the second quarter, Mr. Doyle said. Rates in the U.S. and in Latin America were up by low single digits, while Europe was flat and rates were down mid-single digits in the United Kingdom and in Asia Pacific, he said.
Global property rates were down 2% versus flat in the second quarter, but global casualty rates increased 6%, with U.S. excess casualty up about 20%.
Workers compensation saw low-single-digit rate decreases. Global financial and professional liability rates were down 7%, while cyber rates decreased 6%.
Reinsurance demand continued to rise, and capacity remained adequate in the quarter, Mr. Doyle said.
“Post-Milton, it’s still early, but we see a flattening of pricing in the property cat market at the upcoming Jan. 1 renewal,” said Dean Klisura, president and CEO of Guy Carpenter.
Overall property cat demand should increase at Jan. 1, and capacity will be adequate, Mr. Klisura said.
“The majority of the cat losses this year will be borne by our clients, given the high attachment points that were imposed on them after Hurricane Ian two years ago,” he said.",10,true,3500,2
MMC,Marsh & McLennan Companies Inc,https://www.insurancebusinessmag.com/us/news/breaking-news/marsh-mclennan-reveals-7-75-billion-swoop-for-mcgriff-insurance-services-507812.aspx,Marsh McLennan reveals $7.75 billion swoop for McGriff Insurance Services,Terry Gangcuangco,2024-10-01,291,"Expected to close by the end of 2024, the deal will see Marsh McLennan assume a deferred tax asset worth approximately $500 million. McGriff, a full-service US insurance broker, reported $1.3 billion in revenue for the 12 months ended June 30.
The swoop is poised to strengthen Marsh McLennan Agency’s service offerings in areas such as commercial property and casualty, employee benefits, management liability, and personal lines.
“McGriff is a business with excellent leadership, outstanding talent, and a record of strong growth,” said John Doyle, president and chief executive of Marsh McLennan. “The firm complements Marsh McLennan Agency’s capabilities and culture, and I am excited about future opportunities with them as part of our company.”
Meanwhile Marsh McLennan Agency chair and CEO David Eslick echoed Doyle’s sentiments, noting: “Marsh McLennan Agency has long held McGriff’s legacy and reputation in the highest regard. Their client-centric focus, culture, and proven record of success mirror our own.
“The firm will be an important addition to the business we have built over 15 years. Together, our talent and expertise will deliver actionable solutions that help clients build the confidence to thrive.”
For McGriff CEO Read Davis, Marsh McLennan’s global resources and insights will mean “exciting” growth opportunities and “even greater value” for clients.
Trading since 1886, McGriff provides a broad range of insurance solutions including commercial property and casualty, corporate bonding and surety, cyber, management liability, captives and alternative risk transfer programs, small business, employee benefits, title insurance, personal lines, and life and health.
Upon completion of the deal, McGriff’s team of over 3,500 people, including Davis, will join Marsh McLennan Agency. McGriff will retain its existing premises across the US.
What do you think about this story? Share your thoughts in the comments below.",10,true,3500,2
MMC,Marsh & McLennan Companies Inc,https://www.marshmclennan.com/news-events/2024/september/marsh-mclennan-to-acquire-mcgriff-insurance-services.html,Marsh McLennan to acquire McGriff Insurance Services,Oliver Wyman,2024-09-30,547,"Marsh McLennan to acquire McGriff Insurance Services
Sep 30, 2024
NEW YORK, September 30, 2024 – Marsh McLennan (NYSE: MMC), a global leader in risk, strategy and people, today announced that it has reached an agreement through its Marsh McLennan Agency business to acquire McGriff Insurance Services, LLC, an affiliate of TIH. McGriff is a leading provider of insurance broking and risk management services in the United States, with $1.3 billion of revenue for the trailing twelve months ended June 30, 2024. The transaction will enhance Marsh McLennan Agency’s capabilities across commercial property and casualty, employee benefits, management liability and personal lines.
Under the terms of the transaction, Marsh McLennan will pay $7.75 billion in cash consideration, funded by a combination of cash and proceeds from debt financing. In conjunction with the transaction, Marsh McLennan will assume a deferred tax asset valued at approximately $500 million. The transaction is targeted to close by year-end, subject to regulatory clearance and other standard closing conditions.
“McGriff is a business with excellent leadership, outstanding talent and a record of strong growth. The firm complements Marsh McLennan Agency’s capabilities and culture, and I am excited about future opportunities with them as part of our company,” said John Doyle, President and CEO of Marsh McLennan.
“Marsh McLennan Agency has long held McGriff’s legacy and reputation in the highest regard. Their client-centric focus, culture and proven record of success mirror our own. The firm will be an important addition to the business we have built over 15 years,” commented David Eslick, Chairman and CEO of Marsh McLennan Agency. “Together, our talent and expertise will deliver actionable solutions that help clients build the confidence to thrive.”
Read Davis, CEO of McGriff added: “Marsh McLennan’s global resources and insights will enable us to deliver even greater value to those we serve while creating exciting opportunities for the growth and development of our team. This combination is a reflection of the quality of the McGriff team, and I am excited for our future together.”
Founded in 1886, McGriff specializes in providing commercial property and casualty insurance, surety, employee benefits and personal lines insurance solutions to businesses and individuals across the US. Upon closing, the McGriff team of more than 3,500 employees, including CEO Read Davis, will join Marsh McLennan Agency and continue to operate from their existing office locations.
About Marsh McLennan
Marsh McLennan (NYSE: MMC) is a global leader in risk, strategy and people, advising clients in 130 countries across four businesses: Marsh, Guy Carpenter, Mercer and Oliver Wyman. With annual revenue of $23 billion and more than 85,000 colleagues, Marsh McLennan helps build the confidence to thrive through the power of perspective. For more information, visit marshmclennan.com, or follow on LinkedIn and X.
About McGriff
An affiliate of TIH, LLC, McGriff Insurance Services, LLC is a full-service insurance broker providing risk management and insurance solutions to clients across the United States. The firm’s coverages include commercial property and casualty, corporate bonding and surety services, cyber, management liability, captives, and alternative risk transfer programs, small business, employee benefits, title insurance, personal lines, and life and health. For more information, please visit www.McGriff.com.
Media Contact:
Erick R. Gustafson
Marsh McLennan
+1 202 263 7788
erick.gustafson@mmc.com
Investor Contact:
Sarah DeWitt
Marsh McLennan
+1 212 345 6750
sarah.dewitt@mmc.com",10,true,3500,3
MMC,Marsh & McLennan Companies Inc,https://www.reinsurancene.ws/marsh-mclennan-to-acquire-mcgriff-insurance-services-in-7-75bn-transaction/,Marsh McLennan to acquire McGriff Insurance Services in $7.75bn transaction - Reinsurance News,Saumya Jain,2024-09-30,345,"Marsh McLennan, the global insurance and reinsurance broker, has reached an agreement through its subsidiary, Marsh McLennan Agency to acquire full-service insurance brokerage, McGriff Insurance Services, LLC, for a cash consideration of $7.75 billion, funded by a combination of cash and proceeds from debt financing.
Under the terms of the transaction, which is targeted to close by the end of this year subject to regulatory clearance and other standard closing conditions, Marsh McLennan will assume a deferred tax asset valued at approximately $500 million.
Founded in 1886, McGriff is a provider of commercial property and casualty (P&C) insurance, surety, employee benefits and personal lines insurance solutions to businesses and individuals across the US.
For the trailing 12 months ending June 30th, 2024, McGriff reported $1.3 billion of revenue.
The acquisition aims to enhance Marsh McLennan Agency’s capabilities across commercial P&C, employee benefits, management liability, and personal lines.
Upon closing, Chief Executive Officer (CEO), Read Davis along with the McGriff team of over 3,500 employees, will join Marsh McLennan Agency and continue operating from their existing office locations.
Davis commented, “Marsh McLennan’s global resources and insights will enable us to deliver even greater value to those we serve while creating exciting opportunities for the growth and development of our team. This combination is a reflection of the quality of the McGriff team, and I am excited for our future together.”
John Doyle, President and CEO of Marsh McLennan, said, “McGriff is a business with excellent leadership, outstanding talent and a record of strong growth. The firm complements Marsh McLennan Agency’s capabilities and culture, and I am excited about future opportunities with them as part of our company.”
David Eslick, Chairman and CEO of Marsh McLennan Agency, added, “Marsh McLennan Agency has long held McGriff’s legacy and reputation in the highest regard.
“Their client-centric focus, culture and proven record of success mirror our own. The firm will be an important addition to the business we have built over 15 years. Together, our talent and expertise will deliver actionable solutions that help clients build the confidence to thrive.”",10,true,3500,3
MMC,Marsh & McLennan Companies Inc,https://www.inforum.com/business/announcements/marsh-mclennan-agency-hires-interns-5c42027021e12668ac8da793-648b4272941e750456d211a6,Marsh McLennan Agency Hires Interns,Published June,2023-06-24,264,"Marsh McLennan Agency Hires Interns
Marsh McLennan Agency recently hired four interns for a 12-week session this summer in their Fargo office.
Maddy Kovacich, Chloe Gemmill and Jaron Reis are part of North Dakota State University’s vigorous sales program, all majoring in Marketing. Maddy is also majoring in Business Administration. Chloe’s special interests are in Entrepreneurship and Jaron has a special interest in Sales, specifically International Business. Ingrid Otterson is joining the team from the University of Minnesota - Curtis L. Carlson School of Management where she majors in Finance and Risk Management Insurance.
This program fully immerses these interns in the insurance industry through rotations in Employee Health and Benefits, Business Insurance and Private Client departments, working with all different insurance brokerage operations including client servicing, policy processing, marketing, claims and sales. This internship program is designed to give local college students real life experience by putting them to use alongside Marsh McLennan Agency’s tenured sales and service teams. They will be responsible for creating business plans to develop, enhance and strengthen current Marsh McLennan Agency’s processes. Some of these projects will be working with the local team, whereas others are national working with interns across the country.
About Marsh McLennan Agency
Marsh McLennan Agency provides business insurance, employee health & benefits, retirement, and private client insurance solutions to organizations and individuals seeking limitless possibilities. With over 9,500 colleagues and 170 offices across North America, Marsh McLennan Agency combines the personalized service model of a local consultant with the global resources of the world’s leading professional services firm, Marsh McLennan (NYSE: MMC).
ADVERTISEMENT",10,true,4,3
MMC,Marsh & McLennan Companies Inc,https://www.theglobeandmail.com/investing/markets/stocks/MMC/pressreleases/35632784/analysts-offer-insights-on-financial-companies-home-bancorp-hbcp-marsh-mclennan-companies-mmc-and-community-bank-system-cbu/,"Analysts Offer Insights on Financial Companies: Home Bancorp (HBCP), Marsh & Mclennan Companies (MMC) and Community Bank System (CBU)",Unknown,2025-11-19,388,"Analysts Offer Insights on Financial Companies: Home Bancorp (HBCP), Marsh & Mclennan Companies (MMC) and Community Bank System (CBU)
There’s a lot to be optimistic about in the Financial sector as 3 analysts just weighed in on Home Bancorp (HBCP – Research Report), Marsh & Mclennan Companies (MMC – Research Report) and Community Bank System (CBU – Research Report) with bullish sentiments.
Elevate Your Investing Strategy:
- Take advantage of TipRanks Premium at 50% off! Unlock powerful investing tools, advanced data, and expert analyst insights to help you invest with confidence.
Home Bancorp (HBCP)
Raymond James analyst Joseph Yanchunis reiterated a Buy rating on Home Bancorp today and set a price target of $62.00. The company’s shares closed last Tuesday at $55.25.
According to TipRanks.com, Yanchunis is ranked #7295 out of 10085 analysts.
Home Bancorp has an analyst consensus of Moderate Buy, with a price target consensus of $59.50, implying a 3.5% upside from current levels. In a report issued on October 7, TR | OpenAI – 4o also reiterated a Buy rating on the stock with a $61.00 price target.
See the top stocks recommended by analysts >>
Marsh & Mclennan Companies (MMC)
Raymond James analyst Gregory Peters reiterated a Buy rating on Marsh & Mclennan Companies today and set a price target of $240.00. The company’s shares closed last Tuesday at $188.95.
According to TipRanks.com, Peters is a 5-star analyst with an average return of
The word on The Street in general, suggests a Moderate Buy analyst consensus rating for Marsh & Mclennan Companies with a $218.76 average price target, implying a 15.6% upside from current levels. In a report issued on October 9, J.P. Morgan also upgraded the stock to Buy with a $242.00 price target.
Community Bank System (CBU)
Raymond James analyst Steve Moss reiterated a Buy rating on Community Bank System today and set a price target of $73.00. The company’s shares closed last Tuesday at $56.18.
According to TipRanks.com, Moss is a 5-star analyst with an average return of
Community Bank System has an analyst consensus of Strong Buy, with a price target consensus of $63.25, implying an 11.7% upside from current levels. In a report issued on October 8, TR | OpenAI – 4o also reiterated a Buy rating on the stock with a $66.00 price target.
Read More on HBCP:",null,null,null,null
MMC,Marsh & McLennan Companies Inc,https://www.zacks.com/stock/news/2766368/fintechs-go-bank-deep-marsh-mclennan-maps-the-new-banking-frontier,Fintechs Go Bank Deep: Marsh & McLennan Maps the New Banking Frontier,Zacks Investment Research; Kaibalya Pravo Dey,2025-11-19,707,"We use cookies to understand how you use our site and to improve your experience.
This includes personalizing content and advertising.
By pressing ""Accept All"" or closing out of this banner, you consent to the use of all cookies and similar technologies and the sharing of information they collect with third parties.
You can reject marketing cookies by pressing ""Deny Optional,"" but we still use essential, performance, and functional cookies.
In addition, whether you ""Accept All,"" Deny Optional,"" click the X or otherwise continue to use the site, you accept our Privacy Policy and Terms of Service, revised from time to time.
You are being directed to ZacksTrade, a division of LBMZ Securities and licensed broker-dealer. ZacksTrade and Zacks.com are separate companies. The web link between the two companies is not a solicitation or offer to invest in a particular security or type of security. ZacksTrade does not endorse or adopt any particular investment strategy, any analyst opinion/rating/report or any approach to evaluating individual securities.
If you wish to go to ZacksTrade, click OK. If you do not, click Cancel.
Fintechs Go Bank Deep: Marsh & McLennan Maps the New Banking Frontier
Read MoreHide Full Article
Key Takeaways
Marsh & McLennan's Oliver Wyman and QED Investors analyze fintechs' push to secure bank charters.
Fintechs aim for independence, lower costs and scale as charter applications rise.
MMC shares are down 3% YTD, while the 2025 earnings estimate suggests an 8.8% yoy increase.
Marsh & McLennan Companies, Inc. (MMC - Free Report) , through its consulting arm Oliver Wyman, has teamed up with fintech-focused venture capital firm QED Investors to analyze the growing trend of fintechs seeking bank charters. Their report provides in-depth industry insights and strategic recommendations for fintechs navigating the complex charter process.
Fintechs are increasingly pursuing bank charters because many have matured enough to meet regulatory requirements, seek greater independence from sponsor banks and want to capitalize on opportunities in digital assets and embedded finance. Clearer regulations and supportive policies have made obtaining charters more feasible and appealing. This year alone, fintechs and other non-traditional financial firms have filed a record 20 applications for de novo charters or bank acquisitions, highlighting the scale of this shift.
This trend represents a potential structural change in the financial system. Bank-chartered fintechs can bypass sponsor banks, lower funding costs and scale faster. Traditional banks now face stiffer competition from digital-native players that operate efficiently and prioritize customer experience. Marsh & McLennan’s insights help the stakeholders grasp the regulatory, operational and strategic implications of this movement, supporting better decision-making for both fintechs and incumbent banks.
Fintechs with bank charters can expand lending, reduce costs and improve margins. Sponsor banks may lose revenue as fintechs internalize previously outsourced services. Valuations for fintechs could rise, reflecting enhanced stability and growth potential. Meanwhile, traditional banks must innovate to protect their market share. MMC’s analysis highlights a high-stakes environment where fintechs could reshape industry dynamics, forcing investors and banks to reassess strategy, risk and capital allocation in a rapidly evolving market.
Companies Providing Services to Fintechs
Companies like Accenture plc (ACN - Free Report) and FTI Consulting, Inc. (FCN - Free Report) support fintechs pursuing bank charters with technology, regulatory and strategic expertise. Accenture modernizes legacy systems by migrating them to cloud-based platforms, improving scalability and efficiency, while leveraging AI and automation to enhance risk management and reduce compliance costs. ACN’s July 2025 acquisition of Aristal, a Malaysia-based core banking consulting firm, strengthens its chartering capabilities. FTI Consulting advises fintechs on regulatory compliance and risk management, implementing frameworks like the “three lines of defense” model to ensure operational resilience. Both ACNand FCN help fintechs navigate complex charter processes efficiently.
Marsh & McLennan’s Price Performance, Valuation and Estimates
Shares of Marsh & McLennan have declined 3% year to date compared with the industry’s fall of 14.4%.
Image Source: Zacks Investment Research
From a valuation standpoint, Marsh & McLennan trades at a forward price-to-earnings ratio of 20.23X, marginally lower than the industry average. MMC carries a Value Score of D.
Image Source: Zacks Investment Research
The Zacks Consensus Estimate for Marsh & McLennan’s 2025 earnings implies an 8.8% increase year over year.
Image Source: Zacks Investment Research
The stock currently carries a Zacks Rank #4 (Sell).",null,null,null,null
MMC,Marsh & McLennan Companies Inc,https://www.zacks.com/stock/news/2767516/is-the-options-market-predicting-a-spike-in-marsh-mclennan-stock,Is the Options Market Predicting a Spike in Marsh & McLennan Stock?,Zacks Investment Research; Zacks Equity Research,2025-11-19,532,"We use cookies to understand how you use our site and to improve your experience.
This includes personalizing content and advertising.
By pressing ""Accept All"" or closing out of this banner, you consent to the use of all cookies and similar technologies and the sharing of information they collect with third parties.
You can reject marketing cookies by pressing ""Deny Optional,"" but we still use essential, performance, and functional cookies.
In addition, whether you ""Accept All,"" Deny Optional,"" click the X or otherwise continue to use the site, you accept our Privacy Policy and Terms of Service, revised from time to time.
You are being directed to ZacksTrade, a division of LBMZ Securities and licensed broker-dealer. ZacksTrade and Zacks.com are separate companies. The web link between the two companies is not a solicitation or offer to invest in a particular security or type of security. ZacksTrade does not endorse or adopt any particular investment strategy, any analyst opinion/rating/report or any approach to evaluating individual securities.
If you wish to go to ZacksTrade, click OK. If you do not, click Cancel.
Is the Options Market Predicting a Spike in Marsh & McLennan Stock?
Read MoreHide Full Article
Investors in Marsh & McLennan Companies, Inc. (MMC - Free Report) need to pay close attention to the stock based on moves in the options market lately. That is because the Dec 19, 2025 $135.00 Call had some of the highest implied volatility of all equity options today.
What is Implied Volatility?
Implied volatility shows how much movement the market is expecting in the future. Options with high levels of implied volatility suggest that investors in the underlying stocks are expecting a big move in one direction or the other. It could also mean there is an event coming up soon that may cause a big rally or a huge sell-off. However, implied volatility is only one piece of the puzzle when putting together an options trading strategy.
What do the Analysts Think?
Clearly, options traders are pricing in a big move for Marsh & McLennan shares, but what is the fundamental picture for the company? Currently, Marsh & McLennan is a Zacks Rank #4 (Sell) in the Insurance - Brokerage industry that ranks in the Top 38% of our Zacks Industry Rank. Over the last 60 days, no analysts have increased their earnings estimates for the current quarter, while four have dropped their estimates. The net effect has taken our Zacks Consensus Estimate for the current quarter from earnings of $1.81 per share to $1.80 in that period.
Given the way analysts feel about Marsh & McLennan right now, this huge implied volatility could mean there’s a trade developing. Oftentimes, options traders look for options with high levels of implied volatility to sell premium. This is a strategy many seasoned traders use because it captures decay. At expiration, the hope for these traders is that the underlying stock does not move as much as originally expected.
Looking to Trade Options?
Check out the simple yet high-powered approach that Zacks Executive VP Kevin Matras has used to close recent double and triple-digit winners. In addition to impressive profit potential, these trades can actually reduce your risk.",null,null,null,null
MMC,Marsh & McLennan Companies Inc,https://www.marketbeat.com/instant-alerts/filing-cetera-investment-advisers-has-2369-million-position-in-marsh-mclennan-companies-inc-mmc-2025-11-18/,"Cetera Investment Advisers Has $23.69 Million Position in Marsh & McLennan Companies, Inc. $MMC",MarketBeat,2025-11-18,1167,"Cetera Investment Advisers lifted its position in Marsh & McLennan Companies, Inc. (NYSE:MMC - Free Report) by 4.0% during the 2nd quarter, according to the company in its most recent filing with the SEC. The fund owned 108,347 shares of the financial services provider's stock after purchasing an additional 4,159 shares during the quarter. Cetera Investment Advisers' holdings in Marsh & McLennan Companies were worth $23,689,000 at the end of the most recent reporting period.
Other institutional investors have also recently added to or reduced their stakes in the company. Wellington Management Group LLP grew its stake in Marsh & McLennan Companies by 54.2% during the first quarter. Wellington Management Group LLP now owns 12,814,788 shares of the financial services provider's stock worth $3,127,193,000 after buying an additional 4,505,548 shares during the last quarter. Nuveen LLC acquired a new stake in Marsh & McLennan Companies during the 1st quarter valued at $1,038,594,000. Valeo Financial Advisors LLC raised its position in Marsh & McLennan Companies by 48,212.9% in the 2nd quarter. Valeo Financial Advisors LLC now owns 2,629,187 shares of the financial services provider's stock valued at $574,845,000 after purchasing an additional 2,623,745 shares during the last quarter. Assenagon Asset Management S.A. grew its holdings in shares of Marsh & McLennan Companies by 5,035.9% during the second quarter. Assenagon Asset Management S.A. now owns 808,800 shares of the financial services provider's stock worth $176,836,000 after purchasing an additional 793,052 shares during the last quarter. Finally, Jennison Associates LLC increased its stake in shares of Marsh & McLennan Companies by 225.1% in the second quarter. Jennison Associates LLC now owns 1,051,055 shares of the financial services provider's stock valued at $229,803,000 after buying an additional 727,714 shares in the last quarter. 87.99% of the stock is owned by institutional investors.
Marsh & McLennan Companies Stock Down 1.1%
Shares of Marsh & McLennan Companies stock opened at $180.75 on Tuesday. Marsh & McLennan Companies, Inc. has a 12 month low of $174.18 and a 12 month high of $248.00. The business has a fifty day simple moving average of $192.70 and a 200 day simple moving average of $207.51. The company has a quick ratio of 1.12, a current ratio of 1.12 and a debt-to-equity ratio of 1.19. The stock has a market cap of $88.55 billion, a PE ratio of 21.67, a price-to-earnings-growth ratio of 2.25 and a beta of 0.78.
Marsh & McLennan Companies (NYSE:MMC - Get Free Report) last issued its earnings results on Thursday, October 16th. The financial services provider reported $1.85 earnings per share (EPS) for the quarter, topping analysts' consensus estimates of $1.78 by $0.07. The firm had revenue of $6.35 billion for the quarter, compared to analysts' expectations of $6.34 billion. Marsh & McLennan Companies had a return on equity of 31.79% and a net margin of 15.60%.The company's revenue was up 11.5% compared to the same quarter last year. During the same quarter last year, the business earned $1.63 earnings per share. Research analysts predict that Marsh & McLennan Companies, Inc. will post 9.61 EPS for the current year.
Marsh & McLennan Companies Announces Dividend
The firm also recently disclosed a quarterly dividend, which was paid on Friday, November 14th. Stockholders of record on Thursday, October 2nd were issued a dividend of $0.90 per share. This represents a $3.60 annualized dividend and a dividend yield of 2.0%. The ex-dividend date was Thursday, October 2nd. Marsh & McLennan Companies's payout ratio is 43.17%.
Insider Activity
In related news, CEO John Q. Doyle sold 21,079 shares of the stock in a transaction that occurred on Tuesday, September 2nd. The stock was sold at an average price of $205.65, for a total transaction of $4,334,896.35. Following the completion of the sale, the chief executive officer directly owned 87,681 shares of the company's stock, valued at approximately $18,031,597.65. This represents a 19.38% decrease in their position. The transaction was disclosed in a document filed with the Securities & Exchange Commission, which can be accessed through this link. Corporate insiders own 0.35% of the company's stock.
Analyst Upgrades and Downgrades
A number of equities research analysts have commented on the stock. Evercore ISI decreased their price objective on shares of Marsh & McLennan Companies from $243.00 to $237.00 and set an ""outperform"" rating on the stock in a report on Friday, October 17th. Barclays dropped their price objective on shares of Marsh & McLennan Companies from $233.00 to $221.00 and set an ""equal weight"" rating for the company in a research report on Wednesday, October 8th. Wolfe Research assumed coverage on Marsh & McLennan Companies in a research report on Tuesday, September 16th. They issued a ""peer perform"" rating on the stock. Weiss Ratings restated a ""hold (c)"" rating on shares of Marsh & McLennan Companies in a research report on Friday, October 31st. Finally, UBS Group decreased their price target on Marsh & McLennan Companies from $258.00 to $257.00 and set a ""buy"" rating on the stock in a report on Wednesday, October 8th. Seven research analysts have rated the stock with a Buy rating, ten have issued a Hold rating and one has assigned a Sell rating to the stock. According to MarketBeat, the company presently has a consensus rating of ""Hold"" and an average price target of $228.63.
View Our Latest Stock Report on MMC
Marsh & McLennan Companies Company Profile
(
Free Report)
Marsh & McLennan Cos., Inc is a professional services firm, which engages in offering clients advice and solutions in risk, strategy, and people. It operates through the Risk and Insurance Services, and Consulting segments. The Risk and Insurance Services segment is involved in risk management activities, as well as insurance and reinsurance broking and services.
Read More
This instant news alert was generated by narrative science technology and financial data from MarketBeat in order to provide readers with the fastest reporting and unbiased coverage. Please send any questions or comments about this story to contact@marketbeat.com.
Before you consider Marsh & McLennan Companies, you'll want to hear this.
MarketBeat keeps track of Wall Street's top-rated and best performing research analysts and the stocks they recommend to their clients on a daily basis. MarketBeat has identified the five stocks that top analysts are quietly whispering to their clients to buy now before the broader market catches on... and Marsh & McLennan Companies wasn't on the list.
While Marsh & McLennan Companies currently has a Hold rating among analysts, top-rated analysts believe these five stocks are better buys.
View The Five Stocks Here
Nuclear energy stocks are roaring. It's the hottest energy sector of the year. Cameco Corp, Paladin Energy, and BWX Technologies were all up more than 40% in 2024. The biggest market moves could still be ahead of us, and there are seven nuclear energy stocks that could rise much higher in the next several months. To unlock these tickers, enter your email address below.
Get This Free Report
Like this article? Share it with a colleague.
Link copied to clipboard.",null,null,null,null
MMC,Marsh & McLennan Companies Inc,https://www.barchart.com/story/news/36176837/marsh-mclennan-stock-outlook-is-wall-street-bullish-or-bearish,Marsh & McLennan Stock Outlook: Is Wall Street Bullish or Bearish?,Neha Panjwani,2025-11-18,382,"Marsh & McLennan Companies, Inc. (MMC), headquartered in New York, is a professional services company that provides advisory services and insurance solutions to clients in the areas of risk and strategy, as well as people worldwide. Valued at $89.6 billion by market cap, the company offers analysis, advice, and transactional capabilities.
Shares of this leading professional services firm have considerably underperformed the broader market over the past year. MMC has declined 18.6% over this time frame, while the broader S&P 500 Index ($SPX) has rallied nearly 13.7%. In 2025, MMC’s stock fell 14.9%, compared to the SPX’s 13.4% rise on a YTD basis.
Narrowing the focus, MMC’s underperformance is also apparent compared to the SPDR S&P Insurance ETF (KIE). The exchange-traded fund has declined about 1.9% over the past year. Moreover, the ETF’s 3.2% returns on a YTD basis outshine the stock’s double-digit losses over the same time frame.
On Oct. 16, MMC shares closed down by 8.5% after reporting its Q3 results. Its adjusted EPS of $1.85 exceeded Wall Street expectations of $1.79. The company’s revenue was $6.4 billion, topping Wall Street forecasts of $6.3 billion.
For the current fiscal year, ending in December, analysts expect MMC’s EPS to grow 9.2% to $9.61 on a diluted basis. The company’s earnings surprise history is impressive. It beat the consensus estimate in each of the last four quarters.
Among the 23 analysts covering MMC stock, the consensus is a “Moderate Buy.” That’s based on five “Strong Buy” ratings, one “Moderate Buy,” 16 “Holds,” and one “Moderate Sell.”
This configuration is less bearish than a month ago, with a “Hold” rating overall, consisting of one analyst suggesting a “Strong Sell.”
On Nov. 3, TD Cowen analyst Andrew Kligerman kept a “Hold” rating on MMC and lowered the price target to $200, implying a potential upside of 10.6% from current levels.
The mean price target of $214.84 represents an 18.8% premium to MMC’s current price levels. The Street-high price target of $258 suggests an ambitious upside potential of 42.6%.
On the date of publication, Neha Panjwani did not have (either directly or indirectly) positions in any of the securities mentioned in this article. All information and data in this article is solely for informational purposes. For more information please view the Barchart Disclosure Policy here.",null,null,null,null
MMC,Marsh & McLennan Companies Inc,https://www.inkl.com/news/marsh-mclennan-stock-outlook-is-wall-street-bullish-or-bearish,Marsh & McLennan Stock Outlook: Is Wall Street Bullish or Bearish?,null,2025-11-18,336,"Marsh & McLennan Companies, Inc. (MMC), headquartered in New York, is a professional services company that provides advisory services and insurance solutions to clients in the areas of risk and strategy, as well as people worldwide. Valued at $89.6 billion by market cap, the company offers analysis, advice, and transactional capabilities.
Shares of this leading professional services firm have considerably underperformed the broader market over the past year. MMC has declined 18.6% over this time frame, while the broader S&P 500 Index ($SPX) has rallied nearly 13.7%. In 2025, MMC’s stock fell 14.9%, compared to the SPX’s 13.4% rise on a YTD basis.
Narrowing the focus, MMC’s underperformance is also apparent compared to the SPDR S&P Insurance ETF (KIE). The exchange-traded fund has declined about 1.9% over the past year. Moreover, the ETF’s 3.2% returns on a YTD basis outshine the stock’s double-digit losses over the same time frame.
On Oct. 16, MMC shares closed down by 8.5% after reporting its Q3 results. Its adjusted EPS of $1.85 exceeded Wall Street expectations of $1.79. The company’s revenue was $6.4 billion, topping Wall Street forecasts of $6.3 billion.
For the current fiscal year, ending in December, analysts expect MMC’s EPS to grow 9.2% to $9.61 on a diluted basis. The company’s earnings surprise history is impressive. It beat the consensus estimate in each of the last four quarters.
Among the 23 analysts covering MMC stock, the consensus is a “Moderate Buy.” That’s based on five “Strong Buy” ratings, one “Moderate Buy,” 16 “Holds,” and one “Moderate Sell.”
This configuration is less bearish than a month ago, with a “Hold” rating overall, consisting of one analyst suggesting a “Strong Sell.”
On Nov. 3, TD Cowen analyst Andrew Kligerman kept a “Hold” rating on MMC and lowered the price target to $200, implying a potential upside of 10.6% from current levels.
The mean price target of $214.84 represents an 18.8% premium to MMC’s current price levels. The Street-high price target of $258 suggests an ambitious upside potential of 42.6%.",null,null,null,null
MMC,Marsh & McLennan Companies Inc,https://www.marketbeat.com/instant-alerts/filing-raiffeisen-bank-international-ag-decreases-stock-holdings-in-marsh-mclennan-companies-inc-mmc-2025-11-17/,"Raiffeisen Bank International AG Decreases Stock Holdings in Marsh & McLennan Companies, Inc. $MMC",MarketBeat,2025-11-17,1164,"Raiffeisen Bank International AG lowered its position in shares of Marsh & McLennan Companies, Inc. (NYSE:MMC - Free Report) by 0.7% in the 2nd quarter, according to its most recent 13F filing with the Securities & Exchange Commission. The firm owned 301,626 shares of the financial services provider's stock after selling 2,099 shares during the period. Marsh & McLennan Companies comprises about 1.0% of Raiffeisen Bank International AG's investment portfolio, making the stock its 23rd biggest holding. Raiffeisen Bank International AG owned approximately 0.06% of Marsh & McLennan Companies worth $65,245,000 at the end of the most recent reporting period.
A number of other institutional investors also recently modified their holdings of MMC. Accent Capital Management LLC purchased a new position in Marsh & McLennan Companies during the 1st quarter valued at about $25,000. Knuff & Co LLC purchased a new position in shares of Marsh & McLennan Companies during the first quarter valued at approximately $28,000. Activest Wealth Management lifted its stake in Marsh & McLennan Companies by 2,775.0% in the first quarter. Activest Wealth Management now owns 115 shares of the financial services provider's stock worth $28,000 after acquiring an additional 111 shares during the period. Westside Investment Management Inc. increased its position in Marsh & McLennan Companies by 363.3% during the 2nd quarter. Westside Investment Management Inc. now owns 139 shares of the financial services provider's stock valued at $30,000 after purchasing an additional 109 shares during the period. Finally, Capital Analysts LLC lifted its position in shares of Marsh & McLennan Companies by 61.0% in the 1st quarter. Capital Analysts LLC now owns 169 shares of the financial services provider's stock worth $41,000 after purchasing an additional 64 shares during the period. 87.99% of the stock is currently owned by hedge funds and other institutional investors.
Marsh & McLennan Companies Trading Down 0.5%
Shares of Marsh & McLennan Companies stock opened at $182.84 on Monday. The company has a debt-to-equity ratio of 1.19, a current ratio of 1.12 and a quick ratio of 1.12. The stock has a market capitalization of $89.58 billion, a PE ratio of 21.92, a P/E/G ratio of 2.25 and a beta of 0.78. Marsh & McLennan Companies, Inc. has a 1-year low of $174.18 and a 1-year high of $248.00. The company's fifty day simple moving average is $193.15 and its 200-day simple moving average is $207.82.
Marsh & McLennan Companies (NYSE:MMC - Get Free Report) last released its quarterly earnings results on Thursday, October 16th. The financial services provider reported $1.85 earnings per share (EPS) for the quarter, beating the consensus estimate of $1.78 by $0.07. Marsh & McLennan Companies had a return on equity of 31.79% and a net margin of 15.60%.The business had revenue of $6.35 billion during the quarter, compared to analyst estimates of $6.34 billion. During the same quarter in the previous year, the company posted $1.63 earnings per share. Marsh & McLennan Companies's revenue for the quarter was up 11.5% on a year-over-year basis. As a group, equities analysts anticipate that Marsh & McLennan Companies, Inc. will post 9.61 earnings per share for the current year.
Marsh & McLennan Companies Announces Dividend
The firm also recently announced a quarterly dividend, which was paid on Friday, November 14th. Investors of record on Thursday, October 2nd were given a dividend of $0.90 per share. The ex-dividend date was Thursday, October 2nd. This represents a $3.60 annualized dividend and a dividend yield of 2.0%. Marsh & McLennan Companies's dividend payout ratio (DPR) is currently 43.17%.
Analyst Ratings Changes
A number of research firms recently issued reports on MMC. Bank of America reissued an ""underperform"" rating and issued a $181.00 price target (down from $243.00) on shares of Marsh & McLennan Companies in a research note on Monday, November 3rd. Wolfe Research started coverage on shares of Marsh & McLennan Companies in a research note on Tuesday, September 16th. They issued a ""peer perform"" rating for the company. Morgan Stanley lowered their target price on shares of Marsh & McLennan Companies from $220.00 to $215.00 and set an ""equal weight"" rating for the company in a report on Tuesday, October 7th. UBS Group reduced their price objective on Marsh & McLennan Companies from $258.00 to $257.00 and set a ""buy"" rating for the company in a research report on Wednesday, October 8th. Finally, The Goldman Sachs Group raised shares of Marsh & McLennan Companies from a ""sell"" rating to a ""neutral"" rating and cut their price objective for the company from $200.00 to $195.00 in a research report on Monday, October 20th. Seven investment analysts have rated the stock with a Buy rating, ten have issued a Hold rating and one has issued a Sell rating to the company. According to MarketBeat, Marsh & McLennan Companies presently has a consensus rating of ""Hold"" and an average price target of $228.63.
Get Our Latest Report on MMC
Insider Buying and Selling at Marsh & McLennan Companies
In other Marsh & McLennan Companies news, CEO John Q. Doyle sold 21,079 shares of the business's stock in a transaction on Tuesday, September 2nd. The shares were sold at an average price of $205.65, for a total value of $4,334,896.35. Following the sale, the chief executive officer owned 87,681 shares in the company, valued at $18,031,597.65. The trade was a 19.38% decrease in their position. The sale was disclosed in a document filed with the Securities & Exchange Commission, which is available through the SEC website. Corporate insiders own 0.35% of the company's stock.
Marsh & McLennan Companies Profile
(
Free Report)
Marsh & McLennan Cos., Inc is a professional services firm, which engages in offering clients advice and solutions in risk, strategy, and people. It operates through the Risk and Insurance Services, and Consulting segments. The Risk and Insurance Services segment is involved in risk management activities, as well as insurance and reinsurance broking and services.
Further Reading
This instant news alert was generated by narrative science technology and financial data from MarketBeat in order to provide readers with the fastest reporting and unbiased coverage. Please send any questions or comments about this story to contact@marketbeat.com.
Before you consider Marsh & McLennan Companies, you'll want to hear this.
MarketBeat keeps track of Wall Street's top-rated and best performing research analysts and the stocks they recommend to their clients on a daily basis. MarketBeat has identified the five stocks that top analysts are quietly whispering to their clients to buy now before the broader market catches on... and Marsh & McLennan Companies wasn't on the list.
While Marsh & McLennan Companies currently has a Hold rating among analysts, top-rated analysts believe these five stocks are better buys.
View The Five Stocks Here
Thinking about investing in Meta, Roblox, or Unity? Enter your email to learn what streetwise investors need to know about the metaverse and public markets before making an investment.
Get This Free Report
Like this article? Share it with a colleague.
Link copied to clipboard.",null,null,null,null
MMC,Marsh & McLennan Companies Inc,https://simplywall.st/stocks/us/insurance/nyse-mmc/marsh-mclennan-companies/news/how-leadership-changes-and-legal-battles-at-marsh-mclennan-m/amp,How Leadership Changes and Legal Battles at Marsh McLennan (MMC) May Reshape Its Risk Profile,null,2025-11-17,623,"In November 2025, Marsh & McLennan Companies advanced its international presence by appointing Andrea Bono as CEO of Marsh McLennan India, Middle East, and Africa (IMEA), effective January 2026, and announced leadership changes to strengthen its National Business Insurance practice in the U.S., while continuing high-profile litigation in federal court over alleged trade secret theft by former employees who joined competitor Howden US.
These developments underscore the company's commitment to expanding its global footprint and leadership bench, even as it manages complex legal disputes with potential implications for its intellectual property and client relationships.
We'll examine how the ongoing legal battle over trade secret allegations may influence Marsh & McLennan's investment narrative and risk profile.
For shareholders, the big picture centers on Marsh & McLennan’s ability to capitalize on complex global risks and expanding insurance demand, particularly in international markets, while defending its intellectual property and client base amid legal disputes. The headline litigation over alleged trade secret theft may pose some near-term uncertainty, but does not materially alter the fundamental catalysts or the largest risks facing the business at this stage.
The appointment of Andrea Bono as CEO for the IMEA region is particularly relevant, as it highlights the company’s ongoing push to enhance its regional leadership and execution in one of the world's fastest-growing insurance markets, which aligns with the broader growth thesis tied to international expansion.
By contrast, investors should be aware that ongoing legal proceedings relating to trade secret allegations could...
Marsh & McLennan Companies' outlook forecasts $30.7 billion in revenue and $5.3 billion in earnings by 2028. This is based on a projected 5.9% annual revenue growth and a $1.2 billion increase in earnings from the current $4.1 billion.
Three Simply Wall St Community members estimate Marsh & McLennan’s fair value between US$214 and US$159,561 per share, revealing wide variation in expectations. Alongside this diversity, rising global risk complexity may continue to influence performance and long-term conviction, so consider several perspectives before making up your mind.
Build Your Own Marsh & McLennan Companies Narrative
Disagree with existing narratives? Create your own in under 3 minutes - extraordinary investment returns rarely come from following the herd.
A great starting point for your Marsh & McLennan Companies research is our analysis highlighting 4 key rewards and 1 important warning sign that could impact your investment decision.
Our free Marsh & McLennan Companies research report provides a comprehensive fundamental analysis summarized in a single visual - the Snowflake - making it easy to evaluate Marsh & McLennan Companies' overall financial health at a glance.
Looking For Alternative Opportunities?
Markets shift fast. These stocks won't stay hidden for long. Get the list while it matters:
The best AI stocks today may lie beyond giants like Nvidia and Microsoft. Find the next big opportunity with these 26 smaller AI-focused companies with strong growth potential through early-stage innovation in machine learning, automation, and data intelligence that could fund your retirement.
This article by Simply Wall St is general in nature. We provide commentary based on historical data
and analyst forecasts only using an unbiased methodology and our articles are not intended to be financial advice. It does not constitute a recommendation to buy or sell any stock, and does not take account of your objectives, or your
financial situation. We aim to bring you long-term focused analysis driven by fundamental data.
Note that our analysis may not factor in the latest price-sensitive company announcements or qualitative material.
Simply Wall St has no position in any stocks mentioned.
Valuation is complex, but we're here to simplify it.
Discover if Marsh & McLennan Companies might be undervalued or overvalued with our detailed analysis, featuring fair value estimates, potential risks, dividends, insider trades, and its financial condition.",null,null,null,null
MMC,Marsh & McLennan Companies Inc,https://www.marketbeat.com/instant-alerts/filing-universal-beteiligungs-und-servicegesellschaft-mbh-has-11083-million-stake-in-marsh-mclennan-companies-inc-mmc-2025-11-16/,"Universal Beteiligungs und Servicegesellschaft mbH Has $110.83 Million Stake in Marsh & McLennan Companies, Inc. $MMC",MarketBeat,2025-11-16,1206,"Universal Beteiligungs und Servicegesellschaft mbH lowered its holdings in shares of Marsh & McLennan Companies, Inc. (NYSE:MMC - Free Report) by 20.4% during the second quarter, according to the company in its most recent Form 13F filing with the Securities and Exchange Commission (SEC). The firm owned 506,910 shares of the financial services provider's stock after selling 130,075 shares during the quarter. Universal Beteiligungs und Servicegesellschaft mbH owned 0.10% of Marsh & McLennan Companies worth $110,831,000 at the end of the most recent quarter.
Other institutional investors and hedge funds have also modified their holdings of the company. Harbour Investments Inc. lifted its stake in Marsh & McLennan Companies by 3.6% in the first quarter. Harbour Investments Inc. now owns 1,253 shares of the financial services provider's stock valued at $306,000 after buying an additional 44 shares in the last quarter. IFP Advisors Inc lifted its position in Marsh & McLennan Companies by 0.6% in the 1st quarter. IFP Advisors Inc now owns 7,479 shares of the financial services provider's stock valued at $1,825,000 after acquiring an additional 47 shares in the last quarter. Pinnacle Wealth Management Advisory Group LLC increased its holdings in Marsh & McLennan Companies by 1.1% during the 1st quarter. Pinnacle Wealth Management Advisory Group LLC now owns 4,517 shares of the financial services provider's stock worth $1,102,000 after purchasing an additional 47 shares in the last quarter. E Fund Management Co. Ltd. raised its stake in shares of Marsh & McLennan Companies by 3.9% in the 1st quarter. E Fund Management Co. Ltd. now owns 1,263 shares of the financial services provider's stock valued at $308,000 after purchasing an additional 47 shares during the period. Finally, McAdam LLC lifted its holdings in shares of Marsh & McLennan Companies by 1.2% in the first quarter. McAdam LLC now owns 3,948 shares of the financial services provider's stock valued at $963,000 after purchasing an additional 47 shares in the last quarter. 87.99% of the stock is currently owned by institutional investors and hedge funds.
Insider Activity at Marsh & McLennan Companies
In related news, CEO John Q. Doyle sold 21,079 shares of the business's stock in a transaction that occurred on Tuesday, September 2nd. The stock was sold at an average price of $205.65, for a total transaction of $4,334,896.35. Following the transaction, the chief executive officer directly owned 87,681 shares of the company's stock, valued at approximately $18,031,597.65. The trade was a 19.38% decrease in their position. The transaction was disclosed in a legal filing with the Securities & Exchange Commission, which can be accessed through the SEC website. Corporate insiders own 0.35% of the company's stock.
Wall Street Analyst Weigh In
A number of equities research analysts recently issued reports on the company. TD Cowen dropped their target price on Marsh & McLennan Companies from $213.00 to $200.00 and set a ""hold"" rating on the stock in a research report on Monday, November 3rd. Bank of America reissued an ""underperform"" rating and issued a $181.00 price objective (down previously from $243.00) on shares of Marsh & McLennan Companies in a research report on Monday, November 3rd. UBS Group decreased their target price on shares of Marsh & McLennan Companies from $258.00 to $257.00 and set a ""buy"" rating for the company in a research report on Wednesday, October 8th. The Goldman Sachs Group raised shares of Marsh & McLennan Companies from a ""sell"" rating to a ""neutral"" rating and cut their price target for the stock from $200.00 to $195.00 in a research report on Monday, October 20th. Finally, Evercore ISI decreased their price objective on Marsh & McLennan Companies from $243.00 to $237.00 and set an ""outperform"" rating for the company in a report on Friday, October 17th. Seven analysts have rated the stock with a Buy rating, ten have assigned a Hold rating and one has issued a Sell rating to the company. According to data from MarketBeat, the stock has a consensus rating of ""Hold"" and a consensus price target of $228.63.
Read Our Latest Report on Marsh & McLennan Companies
Marsh & McLennan Companies Stock Performance
NYSE MMC opened at $182.84 on Friday. The firm has a market capitalization of $89.58 billion, a P/E ratio of 21.92, a price-to-earnings-growth ratio of 2.25 and a beta of 0.78. The company has a current ratio of 1.12, a quick ratio of 1.12 and a debt-to-equity ratio of 1.19. The firm's fifty day moving average price is $193.15 and its two-hundred day moving average price is $207.94. Marsh & McLennan Companies, Inc. has a 1 year low of $174.18 and a 1 year high of $248.00.
Marsh & McLennan Companies (NYSE:MMC - Get Free Report) last released its quarterly earnings data on Thursday, October 16th. The financial services provider reported $1.85 earnings per share for the quarter, topping the consensus estimate of $1.78 by $0.07. Marsh & McLennan Companies had a net margin of 15.60% and a return on equity of 31.79%. The company had revenue of $6.35 billion for the quarter, compared to analyst estimates of $6.34 billion. During the same period in the previous year, the business earned $1.63 EPS. Marsh & McLennan Companies's revenue for the quarter was up 11.5% compared to the same quarter last year. As a group, research analysts anticipate that Marsh & McLennan Companies, Inc. will post 9.61 EPS for the current year.
Marsh & McLennan Companies Dividend Announcement
The firm also recently disclosed a quarterly dividend, which was paid on Friday, November 14th. Stockholders of record on Thursday, October 2nd were given a $0.90 dividend. This represents a $3.60 dividend on an annualized basis and a dividend yield of 2.0%. The ex-dividend date of this dividend was Thursday, October 2nd. Marsh & McLennan Companies's dividend payout ratio (DPR) is presently 43.17%.
Marsh & McLennan Companies Profile
(
Free Report)
Marsh & McLennan Cos., Inc is a professional services firm, which engages in offering clients advice and solutions in risk, strategy, and people. It operates through the Risk and Insurance Services, and Consulting segments. The Risk and Insurance Services segment is involved in risk management activities, as well as insurance and reinsurance broking and services.
Featured Articles
This instant news alert was generated by narrative science technology and financial data from MarketBeat in order to provide readers with the fastest reporting and unbiased coverage. Please send any questions or comments about this story to contact@marketbeat.com.
Before you consider Marsh & McLennan Companies, you'll want to hear this.
MarketBeat keeps track of Wall Street's top-rated and best performing research analysts and the stocks they recommend to their clients on a daily basis. MarketBeat has identified the five stocks that top analysts are quietly whispering to their clients to buy now before the broader market catches on... and Marsh & McLennan Companies wasn't on the list.
While Marsh & McLennan Companies currently has a Hold rating among analysts, top-rated analysts believe these five stocks are better buys.
View The Five Stocks Here
Looking to profit from the electric vehicle mega-trend? Enter your email address and we'll send you our list of which EV stocks show the most long-term potential.
Get This Free Report
Like this article? Share it with a colleague.
Link copied to clipboard.",null,null,null,null
MMC,Marsh & McLennan Companies Inc,https://www.marketbeat.com/instant-alerts/filing-intech-investment-management-llc-sells-6141-shares-of-marsh-mclennan-companies-inc-mmc-2025-11-16/,"Intech Investment Management LLC Sells 6,141 Shares of Marsh & McLennan Companies, Inc. $MMC",MarketBeat,2025-11-16,1215,"Intech Investment Management LLC decreased its position in Marsh & McLennan Companies, Inc. (NYSE:MMC - Free Report) by 10.5% during the 2nd quarter, according to the company in its most recent disclosure with the Securities & Exchange Commission. The fund owned 52,404 shares of the financial services provider's stock after selling 6,141 shares during the period. Intech Investment Management LLC's holdings in Marsh & McLennan Companies were worth $11,458,000 at the end of the most recent quarter.
Other institutional investors and hedge funds have also recently added to or reduced their stakes in the company. Wellington Management Group LLP boosted its stake in shares of Marsh & McLennan Companies by 54.2% in the 1st quarter. Wellington Management Group LLP now owns 12,814,788 shares of the financial services provider's stock valued at $3,127,193,000 after purchasing an additional 4,505,548 shares during the last quarter. Nuveen LLC bought a new position in Marsh & McLennan Companies in the first quarter valued at approximately $1,038,594,000. Valeo Financial Advisors LLC grew its holdings in Marsh & McLennan Companies by 48,212.9% during the 2nd quarter. Valeo Financial Advisors LLC now owns 2,629,187 shares of the financial services provider's stock worth $574,845,000 after acquiring an additional 2,623,745 shares during the period. Assenagon Asset Management S.A. lifted its stake in shares of Marsh & McLennan Companies by 5,035.9% in the 2nd quarter. Assenagon Asset Management S.A. now owns 808,800 shares of the financial services provider's stock valued at $176,836,000 after purchasing an additional 793,052 shares during the period. Finally, Jennison Associates LLC boosted its position in shares of Marsh & McLennan Companies by 225.1% in the 2nd quarter. Jennison Associates LLC now owns 1,051,055 shares of the financial services provider's stock worth $229,803,000 after purchasing an additional 727,714 shares during the last quarter. 87.99% of the stock is owned by institutional investors.
Analyst Ratings Changes
A number of equities research analysts recently commented on MMC shares. Keefe, Bruyette & Woods upgraded Marsh & McLennan Companies from an ""underperform"" rating to a ""market perform"" rating and dropped their price objective for the company from $209.00 to $191.00 in a report on Friday, October 17th. UBS Group lowered their price target on Marsh & McLennan Companies from $258.00 to $257.00 and set a ""buy"" rating for the company in a research note on Wednesday, October 8th. The Goldman Sachs Group raised shares of Marsh & McLennan Companies from a ""sell"" rating to a ""neutral"" rating and reduced their price objective for the stock from $200.00 to $195.00 in a research note on Monday, October 20th. Bank of America reaffirmed an ""underperform"" rating and issued a $181.00 target price (down previously from $243.00) on shares of Marsh & McLennan Companies in a research note on Monday, November 3rd. Finally, Wolfe Research started coverage on shares of Marsh & McLennan Companies in a report on Tuesday, September 16th. They issued a ""peer perform"" rating on the stock. Seven equities research analysts have rated the stock with a Buy rating, ten have issued a Hold rating and one has given a Sell rating to the company. According to data from MarketBeat, Marsh & McLennan Companies has an average rating of ""Hold"" and an average price target of $228.63.
Check Out Our Latest Report on Marsh & McLennan Companies
Insider Buying and Selling at Marsh & McLennan Companies
In other news, CEO John Q. Doyle sold 21,079 shares of Marsh & McLennan Companies stock in a transaction that occurred on Tuesday, September 2nd. The shares were sold at an average price of $205.65, for a total value of $4,334,896.35. Following the sale, the chief executive officer directly owned 87,681 shares in the company, valued at $18,031,597.65. This trade represents a 19.38% decrease in their ownership of the stock. The transaction was disclosed in a document filed with the Securities & Exchange Commission, which is available at the SEC website. 0.35% of the stock is owned by corporate insiders.
Marsh & McLennan Companies Price Performance
Shares of NYSE MMC opened at $182.84 on Friday. The company has a fifty day moving average price of $193.15 and a 200 day moving average price of $207.94. Marsh & McLennan Companies, Inc. has a 1-year low of $174.18 and a 1-year high of $248.00. The firm has a market cap of $89.58 billion, a PE ratio of 21.92, a PEG ratio of 2.25 and a beta of 0.78. The company has a current ratio of 1.12, a quick ratio of 1.12 and a debt-to-equity ratio of 1.19.
Marsh & McLennan Companies (NYSE:MMC - Get Free Report) last issued its quarterly earnings results on Thursday, October 16th. The financial services provider reported $1.85 EPS for the quarter, beating analysts' consensus estimates of $1.78 by $0.07. The company had revenue of $6.35 billion for the quarter, compared to analyst estimates of $6.34 billion. Marsh & McLennan Companies had a return on equity of 31.79% and a net margin of 15.60%.The company's quarterly revenue was up 11.5% compared to the same quarter last year. During the same period in the previous year, the company posted $1.63 earnings per share. Research analysts predict that Marsh & McLennan Companies, Inc. will post 9.61 earnings per share for the current fiscal year.
Marsh & McLennan Companies Dividend Announcement
The company also recently declared a quarterly dividend, which was paid on Friday, November 14th. Shareholders of record on Thursday, October 2nd were given a dividend of $0.90 per share. The ex-dividend date of this dividend was Thursday, October 2nd. This represents a $3.60 dividend on an annualized basis and a yield of 2.0%. Marsh & McLennan Companies's dividend payout ratio is 43.17%.
Marsh & McLennan Companies Profile
(
Free Report)
Marsh & McLennan Cos., Inc is a professional services firm, which engages in offering clients advice and solutions in risk, strategy, and people. It operates through the Risk and Insurance Services, and Consulting segments. The Risk and Insurance Services segment is involved in risk management activities, as well as insurance and reinsurance broking and services.
Read More
This instant news alert was generated by narrative science technology and financial data from MarketBeat in order to provide readers with the fastest reporting and unbiased coverage. Please send any questions or comments about this story to contact@marketbeat.com.
Before you consider Marsh & McLennan Companies, you'll want to hear this.
MarketBeat keeps track of Wall Street's top-rated and best performing research analysts and the stocks they recommend to their clients on a daily basis. MarketBeat has identified the five stocks that top analysts are quietly whispering to their clients to buy now before the broader market catches on... and Marsh & McLennan Companies wasn't on the list.
While Marsh & McLennan Companies currently has a Hold rating among analysts, top-rated analysts believe these five stocks are better buys.
View The Five Stocks Here
Nuclear energy stocks are roaring. It's the hottest energy sector of the year. Cameco Corp, Paladin Energy, and BWX Technologies were all up more than 40% in 2024. The biggest market moves could still be ahead of us, and there are seven nuclear energy stocks that could rise much higher in the next several months. To unlock these tickers, enter your email address below.
Get This Free Report
Like this article? Share it with a colleague.
Link copied to clipboard.",null,null,null,null
MMC,Marsh & McLennan Companies Inc,https://www.marketbeat.com/instant-alerts/filing-jensen-investment-management-inc-sells-206049-shares-of-marsh-mclennan-companies-inc-mmc-2025-11-16/,"Jensen Investment Management Inc. Sells 206,049 Shares of Marsh & McLennan Companies, Inc. $MMC",MarketBeat,2025-11-16,1238,"Jensen Investment Management Inc. lowered its stake in shares of Marsh & McLennan Companies, Inc. (NYSE:MMC - Free Report) by 7.8% during the second quarter, according to the company in its most recent disclosure with the Securities and Exchange Commission. The fund owned 2,423,637 shares of the financial services provider's stock after selling 206,049 shares during the period. Marsh & McLennan Companies makes up 6.2% of Jensen Investment Management Inc.'s portfolio, making the stock its 3rd biggest position. Jensen Investment Management Inc. owned approximately 0.49% of Marsh & McLennan Companies worth $529,904,000 as of its most recent filing with the Securities and Exchange Commission.
A number of other hedge funds have also modified their holdings of the company. Jennison Associates LLC raised its holdings in shares of Marsh & McLennan Companies by 225.1% during the second quarter. Jennison Associates LLC now owns 1,051,055 shares of the financial services provider's stock worth $229,803,000 after acquiring an additional 727,714 shares during the period. LPL Financial LLC raised its stake in shares of Marsh & McLennan Companies by 9.9% in the 1st quarter. LPL Financial LLC now owns 324,035 shares of the financial services provider's stock valued at $78,662,000 after purchasing an additional 29,247 shares during the period. Fjarde AP Fonden Fourth Swedish National Pension Fund lifted its holdings in shares of Marsh & McLennan Companies by 18.7% in the second quarter. Fjarde AP Fonden Fourth Swedish National Pension Fund now owns 218,131 shares of the financial services provider's stock valued at $47,692,000 after purchasing an additional 34,400 shares in the last quarter. Valeo Financial Advisors LLC boosted its position in shares of Marsh & McLennan Companies by 48,212.9% during the second quarter. Valeo Financial Advisors LLC now owns 2,629,187 shares of the financial services provider's stock worth $574,845,000 after buying an additional 2,623,745 shares during the period. Finally, Shell Asset Management Co. grew its holdings in shares of Marsh & McLennan Companies by 48.6% during the second quarter. Shell Asset Management Co. now owns 8,577 shares of the financial services provider's stock worth $1,875,000 after buying an additional 2,806 shares in the last quarter. 87.99% of the stock is currently owned by institutional investors and hedge funds.
Analysts Set New Price Targets
A number of equities analysts have weighed in on MMC shares. JPMorgan Chase & Co. raised Marsh & McLennan Companies from a ""neutral"" rating to an ""overweight"" rating and reduced their price target for the stock from $248.00 to $242.00 in a research report on Thursday, October 9th. Bank of America restated an ""underperform"" rating and set a $181.00 target price (down previously from $243.00) on shares of Marsh & McLennan Companies in a report on Monday, November 3rd. Wolfe Research began coverage on shares of Marsh & McLennan Companies in a research note on Tuesday, September 16th. They issued a ""peer perform"" rating on the stock. The Goldman Sachs Group upgraded shares of Marsh & McLennan Companies from a ""sell"" rating to a ""neutral"" rating and reduced their price objective for the stock from $200.00 to $195.00 in a research note on Monday, October 20th. Finally, Wells Fargo & Company lowered their target price on Marsh & McLennan Companies from $222.00 to $212.00 and set an ""equal weight"" rating on the stock in a research report on Friday, October 17th. Seven investment analysts have rated the stock with a Buy rating, ten have given a Hold rating and one has assigned a Sell rating to the stock. According to data from MarketBeat.com, Marsh & McLennan Companies has an average rating of ""Hold"" and a consensus price target of $228.63.
Get Our Latest Research Report on MMC
Marsh & McLennan Companies Stock Performance
Shares of MMC opened at $182.84 on Friday. The company has a market cap of $89.58 billion, a PE ratio of 21.92, a price-to-earnings-growth ratio of 2.25 and a beta of 0.78. The firm has a 50-day moving average of $193.15 and a 200-day moving average of $207.94. Marsh & McLennan Companies, Inc. has a one year low of $174.18 and a one year high of $248.00. The company has a debt-to-equity ratio of 1.19, a current ratio of 1.12 and a quick ratio of 1.12.
Marsh & McLennan Companies (NYSE:MMC - Get Free Report) last issued its earnings results on Thursday, October 16th. The financial services provider reported $1.85 earnings per share (EPS) for the quarter, beating the consensus estimate of $1.78 by $0.07. Marsh & McLennan Companies had a net margin of 15.60% and a return on equity of 31.79%. The business had revenue of $6.35 billion during the quarter, compared to the consensus estimate of $6.34 billion. During the same period last year, the business posted $1.63 EPS. Marsh & McLennan Companies's revenue was up 11.5% on a year-over-year basis. As a group, equities analysts forecast that Marsh & McLennan Companies, Inc. will post 9.61 earnings per share for the current year.
Marsh & McLennan Companies Dividend Announcement
The firm also recently announced a quarterly dividend, which was paid on Friday, November 14th. Stockholders of record on Thursday, October 2nd were paid a dividend of $0.90 per share. This represents a $3.60 annualized dividend and a dividend yield of 2.0%. The ex-dividend date was Thursday, October 2nd. Marsh & McLennan Companies's payout ratio is currently 43.17%.
Insiders Place Their Bets
In other Marsh & McLennan Companies news, CEO John Q. Doyle sold 21,079 shares of Marsh & McLennan Companies stock in a transaction on Tuesday, September 2nd. The shares were sold at an average price of $205.65, for a total transaction of $4,334,896.35. Following the completion of the transaction, the chief executive officer directly owned 87,681 shares of the company's stock, valued at $18,031,597.65. The trade was a 19.38% decrease in their ownership of the stock. The transaction was disclosed in a document filed with the SEC, which is available through this hyperlink. Company insiders own 0.35% of the company's stock.
Marsh & McLennan Companies Profile
(
Free Report)
Marsh & McLennan Cos., Inc is a professional services firm, which engages in offering clients advice and solutions in risk, strategy, and people. It operates through the Risk and Insurance Services, and Consulting segments. The Risk and Insurance Services segment is involved in risk management activities, as well as insurance and reinsurance broking and services.
See Also
This instant news alert was generated by narrative science technology and financial data from MarketBeat in order to provide readers with the fastest reporting and unbiased coverage. Please send any questions or comments about this story to contact@marketbeat.com.
Before you consider Marsh & McLennan Companies, you'll want to hear this.
MarketBeat keeps track of Wall Street's top-rated and best performing research analysts and the stocks they recommend to their clients on a daily basis. MarketBeat has identified the five stocks that top analysts are quietly whispering to their clients to buy now before the broader market catches on... and Marsh & McLennan Companies wasn't on the list.
While Marsh & McLennan Companies currently has a Hold rating among analysts, top-rated analysts believe these five stocks are better buys.
View The Five Stocks Here
MarketBeat's analysts have just released their top five short plays for November 2025. Learn which stocks have the most short interest and how to trade them. Enter your email address to see which companies made the list.
Get This Free Report
Like this article? Share it with a colleague.
Link copied to clipboard.",null,null,null,null
MMC,Marsh & McLennan Companies Inc,https://www.marketbeat.com/instant-alerts/filing-cornerstone-advisors-llc-has-980-million-stock-position-in-marsh-mclennan-companies-inc-mmc-2025-11-16/,"Cornerstone Advisors LLC Has $9.80 Million Stock Position in Marsh & McLennan Companies, Inc. $MMC",MarketBeat,2025-11-16,1118,"Cornerstone Advisors LLC boosted its stake in Marsh & McLennan Companies, Inc. (NYSE:MMC - Free Report) by 70.3% in the second quarter, according to the company in its most recent disclosure with the Securities & Exchange Commission. The institutional investor owned 44,800 shares of the financial services provider's stock after purchasing an additional 18,500 shares during the quarter. Cornerstone Advisors LLC's holdings in Marsh & McLennan Companies were worth $9,795,000 at the end of the most recent reporting period.
Several other hedge funds have also recently bought and sold shares of the company. Accent Capital Management LLC acquired a new stake in shares of Marsh & McLennan Companies during the 1st quarter worth approximately $25,000. Knuff & Co LLC bought a new stake in Marsh & McLennan Companies during the first quarter worth $28,000. Activest Wealth Management increased its stake in shares of Marsh & McLennan Companies by 2,775.0% in the 1st quarter. Activest Wealth Management now owns 115 shares of the financial services provider's stock valued at $28,000 after purchasing an additional 111 shares during the last quarter. Westside Investment Management Inc. raised its holdings in shares of Marsh & McLennan Companies by 363.3% during the 2nd quarter. Westside Investment Management Inc. now owns 139 shares of the financial services provider's stock worth $30,000 after buying an additional 109 shares in the last quarter. Finally, Capital Analysts LLC lifted its position in shares of Marsh & McLennan Companies by 61.0% during the 1st quarter. Capital Analysts LLC now owns 169 shares of the financial services provider's stock worth $41,000 after buying an additional 64 shares during the last quarter. 87.99% of the stock is owned by institutional investors.
Insider Transactions at Marsh & McLennan Companies
In other news, CEO John Q. Doyle sold 21,079 shares of the business's stock in a transaction that occurred on Tuesday, September 2nd. The shares were sold at an average price of $205.65, for a total value of $4,334,896.35. Following the transaction, the chief executive officer owned 87,681 shares in the company, valued at approximately $18,031,597.65. The trade was a 19.38% decrease in their position. The sale was disclosed in a document filed with the Securities & Exchange Commission, which is accessible through this link. Insiders own 0.35% of the company's stock.
Analyst Ratings Changes
A number of research firms have recently commented on MMC. Weiss Ratings reissued a ""hold (c)"" rating on shares of Marsh & McLennan Companies in a report on Friday, October 31st. TD Cowen dropped their price objective on shares of Marsh & McLennan Companies from $213.00 to $200.00 and set a ""hold"" rating for the company in a research note on Monday, November 3rd. Morgan Stanley decreased their target price on shares of Marsh & McLennan Companies from $220.00 to $215.00 and set an ""equal weight"" rating on the stock in a research note on Tuesday, October 7th. Wells Fargo & Company dropped their price target on Marsh & McLennan Companies from $222.00 to $212.00 and set an ""equal weight"" rating for the company in a research note on Friday, October 17th. Finally, UBS Group reduced their price objective on Marsh & McLennan Companies from $258.00 to $257.00 and set a ""buy"" rating on the stock in a research report on Wednesday, October 8th. Seven research analysts have rated the stock with a Buy rating, ten have issued a Hold rating and one has given a Sell rating to the stock. According to data from MarketBeat, the stock presently has an average rating of ""Hold"" and an average price target of $228.63.
Check Out Our Latest Stock Analysis on MMC
Marsh & McLennan Companies Price Performance
Shares of NYSE:MMC opened at $182.84 on Friday. The firm has a market cap of $89.58 billion, a PE ratio of 21.92, a price-to-earnings-growth ratio of 2.25 and a beta of 0.78. Marsh & McLennan Companies, Inc. has a 52 week low of $174.18 and a 52 week high of $248.00. The firm's fifty day moving average is $193.15 and its 200-day moving average is $207.94. The company has a debt-to-equity ratio of 1.19, a quick ratio of 1.12 and a current ratio of 1.12.
Marsh & McLennan Companies (NYSE:MMC - Get Free Report) last announced its earnings results on Thursday, October 16th. The financial services provider reported $1.85 earnings per share (EPS) for the quarter, topping the consensus estimate of $1.78 by $0.07. The business had revenue of $6.35 billion during the quarter, compared to analyst estimates of $6.34 billion. Marsh & McLennan Companies had a return on equity of 31.79% and a net margin of 15.60%.Marsh & McLennan Companies's revenue for the quarter was up 11.5% compared to the same quarter last year. During the same period last year, the company earned $1.63 EPS. Sell-side analysts predict that Marsh & McLennan Companies, Inc. will post 9.61 earnings per share for the current year.
Marsh & McLennan Companies Announces Dividend
The company also recently announced a quarterly dividend, which was paid on Friday, November 14th. Shareholders of record on Thursday, October 2nd were given a dividend of $0.90 per share. This represents a $3.60 dividend on an annualized basis and a yield of 2.0%. The ex-dividend date of this dividend was Thursday, October 2nd. Marsh & McLennan Companies's dividend payout ratio is currently 43.17%.
Marsh & McLennan Companies Profile
(
Free Report)
Marsh & McLennan Cos., Inc is a professional services firm, which engages in offering clients advice and solutions in risk, strategy, and people. It operates through the Risk and Insurance Services, and Consulting segments. The Risk and Insurance Services segment is involved in risk management activities, as well as insurance and reinsurance broking and services.
Read More
This instant news alert was generated by narrative science technology and financial data from MarketBeat in order to provide readers with the fastest reporting and unbiased coverage. Please send any questions or comments about this story to contact@marketbeat.com.
Before you consider Marsh & McLennan Companies, you'll want to hear this.
MarketBeat keeps track of Wall Street's top-rated and best performing research analysts and the stocks they recommend to their clients on a daily basis. MarketBeat has identified the five stocks that top analysts are quietly whispering to their clients to buy now before the broader market catches on... and Marsh & McLennan Companies wasn't on the list.
While Marsh & McLennan Companies currently has a Hold rating among analysts, top-rated analysts believe these five stocks are better buys.
View The Five Stocks Here
Enter your email address and we'll send you MarketBeat's guide to investing in 5G and which 5G stocks show the most promise.
Get This Free Report
Like this article? Share it with a colleague.
Link copied to clipboard.",null,null,null,null
MMC,Marsh & McLennan Companies Inc,https://www.marketbeat.com/instant-alerts/filing-banco-bilbao-vizcaya-argentaria-sa-increases-holdings-in-marsh-mclennan-companies-inc-mmc-2025-11-16/,"Banco Bilbao Vizcaya Argentaria S.A. Increases Holdings in Marsh & McLennan Companies, Inc. $MMC",MarketBeat,2025-11-16,1149,"Banco Bilbao Vizcaya Argentaria S.A. lifted its holdings in shares of Marsh & McLennan Companies, Inc. (NYSE:MMC - Free Report) by 85.4% during the second quarter, according to its most recent 13F filing with the Securities and Exchange Commission (SEC). The firm owned 21,698 shares of the financial services provider's stock after purchasing an additional 9,997 shares during the period. Banco Bilbao Vizcaya Argentaria S.A.'s holdings in Marsh & McLennan Companies were worth $4,743,000 at the end of the most recent reporting period.
A number of other large investors have also added to or reduced their stakes in the stock. Accent Capital Management LLC purchased a new stake in Marsh & McLennan Companies in the first quarter valued at approximately $25,000. Activest Wealth Management increased its holdings in shares of Marsh & McLennan Companies by 2,775.0% in the 1st quarter. Activest Wealth Management now owns 115 shares of the financial services provider's stock worth $28,000 after buying an additional 111 shares during the last quarter. Knuff & Co LLC bought a new stake in shares of Marsh & McLennan Companies during the 1st quarter worth $28,000. Westside Investment Management Inc. grew its position in Marsh & McLennan Companies by 363.3% in the second quarter. Westside Investment Management Inc. now owns 139 shares of the financial services provider's stock worth $30,000 after acquiring an additional 109 shares in the last quarter. Finally, Access Investment Management LLC purchased a new stake in Marsh & McLennan Companies during the second quarter valued at about $39,000. Hedge funds and other institutional investors own 87.99% of the company's stock.
Insider Activity at Marsh & McLennan Companies
In related news, CEO John Q. Doyle sold 21,079 shares of the firm's stock in a transaction on Tuesday, September 2nd. The stock was sold at an average price of $205.65, for a total value of $4,334,896.35. Following the completion of the sale, the chief executive officer owned 87,681 shares of the company's stock, valued at $18,031,597.65. This trade represents a 19.38% decrease in their ownership of the stock. The sale was disclosed in a legal filing with the SEC, which is available through this link. 0.35% of the stock is currently owned by corporate insiders.
Marsh & McLennan Companies Price Performance
Shares of Marsh & McLennan Companies stock opened at $182.84 on Friday. The company's fifty day simple moving average is $193.15 and its two-hundred day simple moving average is $207.94. Marsh & McLennan Companies, Inc. has a 12-month low of $174.18 and a 12-month high of $248.00. The firm has a market cap of $89.58 billion, a PE ratio of 21.92, a price-to-earnings-growth ratio of 2.25 and a beta of 0.78. The company has a quick ratio of 1.12, a current ratio of 1.12 and a debt-to-equity ratio of 1.19.
Marsh & McLennan Companies (NYSE:MMC - Get Free Report) last issued its quarterly earnings data on Thursday, October 16th. The financial services provider reported $1.85 EPS for the quarter, beating the consensus estimate of $1.78 by $0.07. Marsh & McLennan Companies had a net margin of 15.60% and a return on equity of 31.79%. The firm had revenue of $6.35 billion during the quarter, compared to the consensus estimate of $6.34 billion. During the same period in the prior year, the firm posted $1.63 earnings per share. The company's quarterly revenue was up 11.5% compared to the same quarter last year. As a group, equities analysts expect that Marsh & McLennan Companies, Inc. will post 9.61 EPS for the current year.
Marsh & McLennan Companies Announces Dividend
The firm also recently announced a quarterly dividend, which was paid on Friday, November 14th. Stockholders of record on Thursday, October 2nd were paid a dividend of $0.90 per share. The ex-dividend date of this dividend was Thursday, October 2nd. This represents a $3.60 annualized dividend and a dividend yield of 2.0%. Marsh & McLennan Companies's payout ratio is 43.17%.
Analyst Upgrades and Downgrades
A number of equities analysts have recently issued reports on the company. Keefe, Bruyette & Woods upgraded Marsh & McLennan Companies from an ""underperform"" rating to a ""market perform"" rating and reduced their price objective for the company from $209.00 to $191.00 in a research report on Friday, October 17th. Wolfe Research began coverage on Marsh & McLennan Companies in a research note on Tuesday, September 16th. They issued a ""peer perform"" rating for the company. Evercore ISI lowered their price objective on shares of Marsh & McLennan Companies from $243.00 to $237.00 and set an ""outperform"" rating for the company in a report on Friday, October 17th. Barclays reduced their target price on shares of Marsh & McLennan Companies from $233.00 to $221.00 and set an ""equal weight"" rating on the stock in a report on Wednesday, October 8th. Finally, The Goldman Sachs Group raised shares of Marsh & McLennan Companies from a ""sell"" rating to a ""neutral"" rating and lowered their price target for the stock from $200.00 to $195.00 in a research note on Monday, October 20th. Seven investment analysts have rated the stock with a Buy rating, ten have assigned a Hold rating and one has issued a Sell rating to the stock. According to data from MarketBeat, the stock currently has a consensus rating of ""Hold"" and a consensus target price of $228.63.
View Our Latest Analysis on Marsh & McLennan Companies
About Marsh & McLennan Companies
(
Free Report)
Marsh & McLennan Cos., Inc is a professional services firm, which engages in offering clients advice and solutions in risk, strategy, and people. It operates through the Risk and Insurance Services, and Consulting segments. The Risk and Insurance Services segment is involved in risk management activities, as well as insurance and reinsurance broking and services.
Recommended Stories
This instant news alert was generated by narrative science technology and financial data from MarketBeat in order to provide readers with the fastest reporting and unbiased coverage. Please send any questions or comments about this story to contact@marketbeat.com.
Before you consider Marsh & McLennan Companies, you'll want to hear this.
MarketBeat keeps track of Wall Street's top-rated and best performing research analysts and the stocks they recommend to their clients on a daily basis. MarketBeat has identified the five stocks that top analysts are quietly whispering to their clients to buy now before the broader market catches on... and Marsh & McLennan Companies wasn't on the list.
While Marsh & McLennan Companies currently has a Hold rating among analysts, top-rated analysts believe these five stocks are better buys.
View The Five Stocks Here
Enter your email address and we'll send you MarketBeat's list of ten stocks that are set to soar in 2026, despite the threat of tariffs and other economic uncertainty. These ten stocks are incredibly resilient and are likely to thrive in any economic environment.
Get This Free Report
Like this article? Share it with a colleague.
Link copied to clipboard.",null,null,null,null
MMC,Marsh & McLennan Companies Inc,https://www.marketbeat.com/instant-alerts/filing-marsh-mclennan-companies-inc-mmc-shares-purchased-by-commonwealth-of-pennsylvania-public-school-empls-retrmt-sys-2025-11-16/,"Marsh & McLennan Companies, Inc. $MMC Shares Purchased by Commonwealth of Pennsylvania Public School Empls Retrmt SYS",MarketBeat,2025-11-16,1212,"Commonwealth of Pennsylvania Public School Empls Retrmt SYS grew its holdings in shares of Marsh & McLennan Companies, Inc. (NYSE:MMC - Free Report) by 7.6% during the second quarter, according to the company in its most recent Form 13F filing with the Securities and Exchange Commission. The fund owned 120,844 shares of the financial services provider's stock after buying an additional 8,529 shares during the period. Commonwealth of Pennsylvania Public School Empls Retrmt SYS's holdings in Marsh & McLennan Companies were worth $26,421,000 as of its most recent filing with the Securities and Exchange Commission.
Other institutional investors and hedge funds have also added to or reduced their stakes in the company. Vanguard Group Inc. boosted its position in Marsh & McLennan Companies by 1.3% during the 1st quarter. Vanguard Group Inc. now owns 45,321,445 shares of the financial services provider's stock worth $11,059,792,000 after acquiring an additional 581,930 shares during the period. Wellington Management Group LLP boosted its position in shares of Marsh & McLennan Companies by 54.2% during the 1st quarter. Wellington Management Group LLP now owns 12,814,788 shares of the financial services provider's stock valued at $3,127,193,000 after purchasing an additional 4,505,548 shares in the last quarter. Geode Capital Management LLC grew its position in Marsh & McLennan Companies by 1.6% in the second quarter. Geode Capital Management LLC now owns 12,684,210 shares of the financial services provider's stock worth $2,762,513,000 after buying an additional 196,475 shares during the last quarter. Goldman Sachs Group Inc. raised its position in shares of Marsh & McLennan Companies by 8.5% during the first quarter. Goldman Sachs Group Inc. now owns 4,345,211 shares of the financial services provider's stock worth $1,060,362,000 after purchasing an additional 340,907 shares during the period. Finally, Nuveen LLC purchased a new stake in Marsh & McLennan Companies during the first quarter valued at about $1,038,594,000. 87.99% of the stock is owned by institutional investors.
Insider Buying and Selling
In other news, CEO John Q. Doyle sold 21,079 shares of the company's stock in a transaction that occurred on Tuesday, September 2nd. The stock was sold at an average price of $205.65, for a total transaction of $4,334,896.35. Following the completion of the transaction, the chief executive officer directly owned 87,681 shares in the company, valued at $18,031,597.65. The trade was a 19.38% decrease in their ownership of the stock. The sale was disclosed in a filing with the Securities & Exchange Commission, which can be accessed through the SEC website. 0.35% of the stock is currently owned by corporate insiders.
Analysts Set New Price Targets
MMC has been the topic of several research analyst reports. Barclays lowered their target price on Marsh & McLennan Companies from $233.00 to $221.00 and set an ""equal weight"" rating on the stock in a research note on Wednesday, October 8th. Wolfe Research assumed coverage on Marsh & McLennan Companies in a report on Tuesday, September 16th. They set a ""peer perform"" rating for the company. Bank of America restated an ""underperform"" rating and issued a $181.00 target price (down previously from $243.00) on shares of Marsh & McLennan Companies in a research note on Monday, November 3rd. Morgan Stanley cut their price target on Marsh & McLennan Companies from $220.00 to $215.00 and set an ""equal weight"" rating for the company in a research note on Tuesday, October 7th. Finally, Wells Fargo & Company lowered their price target on Marsh & McLennan Companies from $222.00 to $212.00 and set an ""equal weight"" rating for the company in a research note on Friday, October 17th. Seven analysts have rated the stock with a Buy rating, ten have issued a Hold rating and one has issued a Sell rating to the company. According to MarketBeat, the company presently has a consensus rating of ""Hold"" and an average price target of $228.63.
View Our Latest Analysis on Marsh & McLennan Companies
Marsh & McLennan Companies Stock Down 0.5%
Shares of Marsh & McLennan Companies stock opened at $182.84 on Friday. Marsh & McLennan Companies, Inc. has a 12-month low of $174.18 and a 12-month high of $248.00. The stock has a market capitalization of $89.58 billion, a P/E ratio of 21.92, a PEG ratio of 2.25 and a beta of 0.78. The company has a quick ratio of 1.12, a current ratio of 1.12 and a debt-to-equity ratio of 1.19. The stock has a 50 day moving average price of $193.15 and a two-hundred day moving average price of $207.94.
Marsh & McLennan Companies (NYSE:MMC - Get Free Report) last posted its quarterly earnings data on Thursday, October 16th. The financial services provider reported $1.85 earnings per share (EPS) for the quarter, topping the consensus estimate of $1.78 by $0.07. The business had revenue of $6.35 billion during the quarter, compared to the consensus estimate of $6.34 billion. Marsh & McLennan Companies had a net margin of 15.60% and a return on equity of 31.79%. Marsh & McLennan Companies's quarterly revenue was up 11.5% compared to the same quarter last year. During the same period in the prior year, the firm earned $1.63 EPS. Equities analysts expect that Marsh & McLennan Companies, Inc. will post 9.61 earnings per share for the current year.
Marsh & McLennan Companies Announces Dividend
The firm also recently disclosed a quarterly dividend, which was paid on Friday, November 14th. Stockholders of record on Thursday, October 2nd were paid a $0.90 dividend. The ex-dividend date was Thursday, October 2nd. This represents a $3.60 dividend on an annualized basis and a dividend yield of 2.0%. Marsh & McLennan Companies's payout ratio is presently 43.17%.
About Marsh & McLennan Companies
(
Free Report)
Marsh & McLennan Cos., Inc is a professional services firm, which engages in offering clients advice and solutions in risk, strategy, and people. It operates through the Risk and Insurance Services, and Consulting segments. The Risk and Insurance Services segment is involved in risk management activities, as well as insurance and reinsurance broking and services.
Read More
This instant news alert was generated by narrative science technology and financial data from MarketBeat in order to provide readers with the fastest reporting and unbiased coverage. Please send any questions or comments about this story to contact@marketbeat.com.
Before you consider Marsh & McLennan Companies, you'll want to hear this.
MarketBeat keeps track of Wall Street's top-rated and best performing research analysts and the stocks they recommend to their clients on a daily basis. MarketBeat has identified the five stocks that top analysts are quietly whispering to their clients to buy now before the broader market catches on... and Marsh & McLennan Companies wasn't on the list.
While Marsh & McLennan Companies currently has a Hold rating among analysts, top-rated analysts believe these five stocks are better buys.
View The Five Stocks Here
Nuclear energy stocks are roaring. It's the hottest energy sector of the year. Cameco Corp, Paladin Energy, and BWX Technologies were all up more than 40% in 2024. The biggest market moves could still be ahead of us, and there are seven nuclear energy stocks that could rise much higher in the next several months. To unlock these tickers, enter your email address below.
Get This Free Report
Like this article? Share it with a colleague.
Link copied to clipboard.",null,null,null,null
MMC,Marsh & McLennan Companies Inc,https://www.marketbeat.com/instant-alerts/filing-massachusetts-financial-services-co-ma-has-212-billion-stock-position-in-marsh-mclennan-companies-inc-mmc-2025-11-15/,"Massachusetts Financial Services Co. MA Has $2.12 Billion Stock Position in Marsh & McLennan Companies, Inc. $MMC",MarketBeat,2025-11-15,1199,"Massachusetts Financial Services Co. MA trimmed its position in Marsh & McLennan Companies, Inc. (NYSE:MMC - Free Report) by 4.2% in the second quarter, according to its most recent filing with the SEC. The fund owned 9,676,163 shares of the financial services provider's stock after selling 420,978 shares during the period. Marsh & McLennan Companies accounts for approximately 0.7% of Massachusetts Financial Services Co. MA's investment portfolio, making the stock its 28th biggest position. Massachusetts Financial Services Co. MA owned 1.97% of Marsh & McLennan Companies worth $2,115,596,000 at the end of the most recent reporting period.
Other large investors have also recently bought and sold shares of the company. Brighton Jones LLC raised its holdings in Marsh & McLennan Companies by 51.2% in the 4th quarter. Brighton Jones LLC now owns 8,738 shares of the financial services provider's stock valued at $1,856,000 after buying an additional 2,960 shares during the last quarter. Bison Wealth LLC lifted its holdings in shares of Marsh & McLennan Companies by 39.6% during the fourth quarter. Bison Wealth LLC now owns 3,064 shares of the financial services provider's stock worth $651,000 after purchasing an additional 869 shares during the period. Stephens Inc. AR grew its stake in shares of Marsh & McLennan Companies by 3.5% in the first quarter. Stephens Inc. AR now owns 3,855 shares of the financial services provider's stock worth $941,000 after purchasing an additional 131 shares during the last quarter. Cullen Frost Bankers Inc. raised its position in Marsh & McLennan Companies by 8.6% during the 1st quarter. Cullen Frost Bankers Inc. now owns 5,300 shares of the financial services provider's stock worth $1,293,000 after purchasing an additional 418 shares during the last quarter. Finally, Verdence Capital Advisors LLC increased its stake in shares of Marsh & McLennan Companies by 4.3% in the first quarter. Verdence Capital Advisors LLC now owns 1,441 shares of the financial services provider's stock valued at $352,000 after buying an additional 60 shares during the period. 87.99% of the stock is currently owned by institutional investors.
Insider Activity at Marsh & McLennan Companies
In other news, CEO John Q. Doyle sold 21,079 shares of the business's stock in a transaction that occurred on Tuesday, September 2nd. The shares were sold at an average price of $205.65, for a total value of $4,334,896.35. Following the completion of the sale, the chief executive officer directly owned 87,681 shares in the company, valued at approximately $18,031,597.65. The trade was a 19.38% decrease in their position. The sale was disclosed in a legal filing with the SEC, which can be accessed through this hyperlink. Company insiders own 0.35% of the company's stock.
Marsh & McLennan Companies Trading Down 0.5%
Shares of Marsh & McLennan Companies stock opened at $182.84 on Friday. The company has a debt-to-equity ratio of 1.19, a current ratio of 1.12 and a quick ratio of 1.12. Marsh & McLennan Companies, Inc. has a 1 year low of $174.18 and a 1 year high of $248.00. The firm has a market cap of $89.58 billion, a PE ratio of 21.92, a PEG ratio of 2.25 and a beta of 0.78. The company has a 50 day simple moving average of $193.15 and a two-hundred day simple moving average of $208.04.
Marsh & McLennan Companies (NYSE:MMC - Get Free Report) last posted its quarterly earnings data on Thursday, October 16th. The financial services provider reported $1.85 earnings per share for the quarter, beating the consensus estimate of $1.78 by $0.07. The firm had revenue of $6.35 billion for the quarter, compared to analysts' expectations of $6.34 billion. Marsh & McLennan Companies had a net margin of 15.60% and a return on equity of 31.79%. The business's quarterly revenue was up 11.5% on a year-over-year basis. During the same quarter last year, the company posted $1.63 EPS. Analysts expect that Marsh & McLennan Companies, Inc. will post 9.61 earnings per share for the current fiscal year.
Marsh & McLennan Companies Announces Dividend
The company also recently announced a quarterly dividend, which was paid on Friday, November 14th. Shareholders of record on Thursday, October 2nd were paid a $0.90 dividend. The ex-dividend date of this dividend was Thursday, October 2nd. This represents a $3.60 annualized dividend and a yield of 2.0%. Marsh & McLennan Companies's dividend payout ratio is currently 43.17%.
Analyst Upgrades and Downgrades
A number of analysts have weighed in on the stock. Cantor Fitzgerald began coverage on shares of Marsh & McLennan Companies in a research report on Wednesday, August 13th. They set an ""overweight"" rating and a $256.00 target price for the company. Bank of America reiterated an ""underperform"" rating and issued a $181.00 target price (down from $243.00) on shares of Marsh & McLennan Companies in a report on Monday, November 3rd. Weiss Ratings reissued a ""hold (c)"" rating on shares of Marsh & McLennan Companies in a research report on Friday, October 31st. Wells Fargo & Company dropped their price target on Marsh & McLennan Companies from $222.00 to $212.00 and set an ""equal weight"" rating on the stock in a research report on Friday, October 17th. Finally, The Goldman Sachs Group raised shares of Marsh & McLennan Companies from a ""sell"" rating to a ""neutral"" rating and lowered their target price for the company from $200.00 to $195.00 in a report on Monday, October 20th. Seven analysts have rated the stock with a Buy rating, ten have assigned a Hold rating and one has given a Sell rating to the company. According to MarketBeat, the stock has a consensus rating of ""Hold"" and a consensus target price of $228.63.
View Our Latest Stock Analysis on Marsh & McLennan Companies
Marsh & McLennan Companies Company Profile
(
Free Report)
Marsh & McLennan Cos., Inc is a professional services firm, which engages in offering clients advice and solutions in risk, strategy, and people. It operates through the Risk and Insurance Services, and Consulting segments. The Risk and Insurance Services segment is involved in risk management activities, as well as insurance and reinsurance broking and services.
Read More
This instant news alert was generated by narrative science technology and financial data from MarketBeat in order to provide readers with the fastest reporting and unbiased coverage. Please send any questions or comments about this story to contact@marketbeat.com.
Before you consider Marsh & McLennan Companies, you'll want to hear this.
MarketBeat keeps track of Wall Street's top-rated and best performing research analysts and the stocks they recommend to their clients on a daily basis. MarketBeat has identified the five stocks that top analysts are quietly whispering to their clients to buy now before the broader market catches on... and Marsh & McLennan Companies wasn't on the list.
While Marsh & McLennan Companies currently has a Hold rating among analysts, top-rated analysts believe these five stocks are better buys.
View The Five Stocks Here
MarketBeat's analysts have just released their top five short plays for November 2025. Learn which stocks have the most short interest and how to trade them. Enter your email address to see which companies made the list.
Get This Free Report
Like this article? Share it with a colleague.
Link copied to clipboard.",null,null,null,null
PGR,Progressive Corporation,https://www.stocktitan.net/news/PGR/progressive-insurance-intends-to-hire-more-than-12-000-people-in-5so4r3uinpx7.html,"Insurance Giant Progressive Announces Massive 12,000-Job Expansion Following Record Growth",Stock Titan,2025-04-28,1820,"Progressive Insurance® Intends to Hire More Than 12,000 People in 2025 to Support Company's Continued Growth
Progressive Insurance has announced plans to hire over 12,000 people in 2025 to support its continued growth. The company, currently the No. 2 auto insurer in the U.S., reported significant growth metrics in 2024, including:
Addition of over 5 million policies in force
-
21% growth in net premiums written to $74.4 billion
-
1.3 million new policies added in Q1 2025
-
The company is offering remote, in-office, and hybrid positions across various departments including claims, customer care, IT, legal, and corporate functions. Progressive currently employs over 66,000 people and ranked #16 on the FORTUNE 100 Best Companies to Work For® list in 2025. The company scored in the 98th percentile in a recent Gallup Engagement and Culture survey among U.S. companies.
Progressive Insurance ha annunciato l'intenzione di assumere oltre 12.000 persone nel 2025 per sostenere la sua crescita continua. L'azienda, attualmente seconda compagnia di assicurazioni auto negli Stati Uniti, ha registrato importanti risultati di crescita nel 2024, tra cui:
Oltre 5 milioni di polizze attive aggiunte
-
Crescita del 21% nei premi netti scritti, raggiungendo 74,4 miliardi di dollari
-
1,3 milioni di nuove polizze emesse nel primo trimestre del 2025
-
L'azienda offre posizioni remote, in ufficio e ibride in diversi reparti, tra cui sinistri, assistenza clienti, IT, legale e funzioni aziendali. Progressive impiega attualmente oltre 66.000 persone ed è classificata al 16° posto nella lista FORTUNE 100 Best Companies to Work For® del 2025. Inoltre, ha ottenuto il 98° percentile in un recente sondaggio Gallup sull’impegno e la cultura tra le aziende statunitensi.
Progressive Insurance ha anunciado planes para contratar a más de 12,000 personas en 2025 para apoyar su crecimiento continuo. La compañía, actualmente la segunda aseguradora de autos en EE. UU., reportó métricas de crecimiento significativas en 2024, que incluyen:
Más de 5 millones de pólizas activas añadidas
-
Crecimiento del 21% en primas netas escritas hasta 74.4 mil millones de dólares
-
1.3 millones de nuevas pólizas añadidas en el primer trimestre de 2025
-
La empresa ofrece puestos remotos, presenciales e híbridos en varios departamentos, incluyendo reclamos, atención al cliente, TI, legal y funciones corporativas. Progressive emplea actualmente a más de 66,000 personas y se ubicó en el puesto #16 en la lista FORTUNE 100 Best Companies to Work For® en 2025. La compañía obtuvo el percentil 98 en una reciente encuesta de compromiso y cultura de Gallup entre empresas estadounidenses.
Progressive Insurance는 2025년에 12,000명 이상의 인력을 채용하여 지속적인 성장을 지원할 계획이라고 발표했습니다. 현재 미국 내 2위 자동차 보험사인 이 회사는 2024년에 다음과 같은 주요 성장 지표를 보고했습니다:
500만 건 이상의 보험 계약 추가
-
순보험료 21% 증가하여 744억 달러 달성
-
2025년 1분기에 130만 건의 신규 보험 계약 체결
-
회사는 청구, 고객 서비스, IT, 법무 및 기업 부서 등 다양한 부서에서 원격 근무, 사무실 근무 및 하이브리드 근무 형태의 직책을 제공하고 있습니다. Progressive는 현재 66,000명 이상의 직원을 고용하고 있으며, 2025년 FORTUNE 100 Best Companies to Work For®에서 16위를 차지했습니다. 또한 최근 미국 기업을 대상으로 한 Gallup 참여 및 문화 조사에서 98번째 백분위수를 기록했습니다.
Progressive Insurance a annoncé son intention d'embaucher plus de 12 000 personnes en 2025 afin de soutenir sa croissance continue. L'entreprise, actuellement deuxième assureur automobile aux États-Unis, a enregistré des indicateurs de croissance significatifs en 2024, notamment :
Plus de 5 millions de polices en vigueur ajoutées
-
Une croissance de 21 % des primes nettes émises, atteignant 74,4 milliards de dollars
-
1,3 million de nouvelles polices ajoutées au premier trimestre 2025
-
L'entreprise propose des postes à distance, en présentiel et hybrides dans divers départements, notamment les sinistres, le service client, l'informatique, le juridique et les fonctions corporate. Progressive emploie actuellement plus de 66 000 personnes et s'est classée 16e sur la liste FORTUNE 100 Best Companies to Work For® en 2025. Elle a également obtenu le 98e percentile lors d'une récente enquête Gallup sur l'engagement et la culture parmi les entreprises américaines.
Progressive Insurance hat Pläne angekündigt, im Jahr 2025 über 12.000 Mitarbeiter einzustellen, um das anhaltende Wachstum zu unterstützen. Das Unternehmen, derzeit der zweitgrößte Autoversicherer in den USA, verzeichnete im Jahr 2024 bedeutende Wachstumszahlen, darunter:
Mehr als 5 Millionen aktive Policen hinzugefügt
-
21 % Wachstum bei den Nettoprämien auf 74,4 Milliarden US-Dollar
-
1,3 Millionen neue Policen im ersten Quartal 2025
-
Das Unternehmen bietet remote, im Büro und hybride Arbeitsplätze in verschiedenen Abteilungen an, darunter Schadenregulierung, Kundenservice, IT, Rechtsabteilung und Unternehmensfunktionen. Progressive beschäftigt derzeit über 66.000 Mitarbeiter und belegte 2025 Platz 16 auf der FORTUNE 100 Best Companies to Work For®-Liste. Zudem erreichte das Unternehmen im jüngsten Gallup-Engagement- und Kultur-Umfrage unter US-Unternehmen das 98. Perzentil.
21% growth in net premiums written to $74.4 billion in 2024
-
Added over 5 million policies in force in 2024
-
Gained 1.3 million new policies in Q1 2025
-
Ranked #16 on FORTUNE 100 Best Companies to Work For® list
-
98th percentile ranking in Gallup Engagement and Culture survey
-
None.
-
Insights
Progressive's robust 21% premium growth and millions of new policies signal strong momentum, supported by strategic workforce expansion.
Progressive Insurance's planned hiring of thousands of employees in 2025 is backed by impressive growth metrics that validate their business momentum. The company reported a substantial
Progressive has solidified its position as the #2 auto insurer in the United States, demonstrating effective market penetration strategies. The company's decade-long pattern of year-over-year increases in both policies and premiums indicates a sustainable growth trajectory rather than a temporary surge. With a current workforce exceeding 66,000 employees, this expansion aligns perfectly with their increased business volume.
While the hiring initiative will increase operating expenses in the near term, it strategically positions Progressive to service its expanding customer base efficiently. The company's continued market share gains and growing policy count reflect strong operational execution. This workforce investment signals management's confidence in maintaining their growth momentum throughout 2025 and beyond.
Progressive's hiring expansion alongside exceptional culture metrics (98th percentile) creates competitive advantage in talent acquisition and retention.
Progressive's intention to hire thousands in 2025 reveals a sophisticated workforce strategy that perfectly complements their business growth. The company is implementing a flexible approach with remote, hybrid, and in-office positions across claims, customer care, IT, legal, and corporate functions—a strategy designed to optimize talent acquisition in today's competitive labor market.
Their placement at #16 on the FORTUNE 100 Best Companies to Work For list (marking their eighth consecutive appearance) demonstrates exceptional workplace quality. Even more impressive, Progressive scored in the
The company's career development infrastructure, including their internal Career Central hub with mentorship programs and learning plans, reflects a long-term approach to talent management. This comprehensive strategy enables Progressive to scale operations while maintaining service quality—critical as they service their rapidly expanding customer base of over 5 million new policies added in 2024 and 1.3 million in Q1 2025. These workforce investments directly support Progressive's continued market share gains in the insurance industry.
The insurance provider remains committed to culture, career advancement and flexible workplace offerings
Over the past decade, the organization has produced year-over-year increases in the number of policies in force and net premiums written. In 2024, Progressive added just over five million policies in force and grew net premiums written by
Progressive offers an award-winning, purpose-driven, and thriving company culture along with competitive employee benefits. Based on employee feedback from a recent Gallup Engagement and Culture survey, Progressive scored in the 98th percentile of
""Progressive continues to prove that our culture is not defined or limited by our physical spaces. By having a flexible workplace approach it not only allows us to meet the needs of our current employees, but to also reach job seekers where they are,"" said Neil Lenane, Progressive Business Leader of Talent Acquisition. ""Although in a reimagined workforce, we still seek to live our core values each day and that starts with our talented team of more than 66,000 employees seeing our commitment to their careers and feeling that support and encouragement through our extensive offerings.""
To highlight the career growth and opportunities employees have at Progressive, the company's talent acquisition team recently launched Destination: Progress, an employer brand campaign that reflects the sentiment shared by employees about their experience working at Progressive. It can be seen across candidate-facing platforms such as the career site and social channels, showing job seekers that although they may come to Progressive for a job, they can stay for a career. Additionally, Progressive provides extensive training and career development opportunities including Career Central, an internal career development hub with learning tools that include leadership development, mentorship and learning plans to support and encourage employees to grow and advance their careers within the company.
For those interested in joining the Progressive team, below is an overview of several of the career areas that will have available roles to fill throughout 2025:
As the company's customer base continues to grow, so does the claims team. They're seeking to fill entry-level roles such as claims adjuster trainee and a new opportunity, field adjuster trainee, as well as experienced roles like claims specialist, and claims adjuster auto damage. While most roles are remote, there are some hybrid and in-person opportunities in areas such as Massachusetts ,Florida ,Texas ,New York , andSouth Carolina .
-
Similarly to claims, Progressive's customer care organization is also growing to align with the customer base. Numerous call center positions are available across the country, including Spanish bilingual representatives and licensed insurance agents.
-
The company's in-house legal counsel is seeking to fill several roles including defense attorneys in Sherman Oaks, California ,Atlanta, Georgia , and Long Island,New York , as well as across multiple cities inFlorida andTexas .
-
Additional roles available include territory sales reps, data scientists, and production print mail specialists.
-
To learn more about Progressive, its competitive benefit offerings, or to apply for a position, visit careers.progressive.com or you can also follow them on LinkedIn, Instagram, and YouTube.
About Progressive
Progressive Insurance® makes it easy to understand, buy and use car insurance, home insurance, and other protection needs. Progressive offers choices so consumers can reach us however it's most convenient for them — online at progressive.com, by phone at 1-800-PROGRESSIVE, via the Progressive mobile app, or in-person with a local agent.
Progressive provides insurance for personal and commercial autos and trucks, motorcycles, boats, recreational vehicles, and homes; it is the second largest personal auto insurer in the country, a leading seller of commercial auto, motorcycle, and boat insurance, and one of the top 15 homeowners insurance carriers.
Founded in 1937, Progressive continues its long history of offering shopping tools and services that save customers time and money, like Name Your Price®, Snapshot®, and HomeQuote Explorer®.
The Common Shares of The Progressive Corporation, the
*From Fortune. ©2025 Fortune Media IP Limited All rights reserved. Used under license.
View original content to download multimedia:https://www.prnewswire.com/news-releases/progressive-insurance-intends-to-hire-more-than-12-000-people-in-2025-to-support-companys-continued-growth-302439781.html
SOURCE Progressive Insurance",10,true,12000,12
PGR,Progressive Corporation,https://www.prnewswire.com/news-releases/progressive-insurancesm-names-remi-kent-chief-marketing-officer-301384089.html,Progressive Insurance(SM) Names Remi Kent Chief Marketing Officer,Progressive Insurance,2021-09-23,705,"News provided by
Progressive InsuranceSep 23, 2021, 10:47 ET
MAYFIELD VILLAGE, Ohio, Sept. 23, 2021 /PRNewswire/ -- Progressive Insurance today announced that Remi Kent will join the company as Chief Marketing Officer beginning on November 1, 2021. Kent comes to Progressive after spending eight years with 3M, including the last year as Senior Vice President and Global Chief Marketing Officer of the Consumer Business Group, where she led e-Commerce, Media, Insights and Analytics, and Integrated Marketing globally. She succeeds Jeff Charney, who in a March 2021 news release announced his intent to retire from Progressive after helping to ensure a seamless transition with the team and brand. Kent will report directly to Tricia Griffith, Progressive's President and Chief Executive Officer, and will serve on the Progressive executive leadership team.
""I'm absolutely thrilled to welcome Remi to the Progressive family. With more than 20+ years of marketing experience, she has a proven track record of working with and leading well-known global brands, and I'm confident she's the right person to continue to move our brand forward,"" said Griffith. ""Her creativity and data-driven decision making aligns with ours and I know she'll be a great fit for our culture. I look forward to having Remi as the newest member of my executive leadership team and I also want to reiterate my thanks to Jeff for his passion and dedication to growing our brand over the last 11 years.""
""I'm honored to join such a well-recognized brand,"" said Kent. ""I look forward to building on Progressive's success and continuing to drive growth while leading such an accomplished marketing team. They've built an impressive suite of campaigns and characters with incredible momentum in the market, with talented teams and agencies who continue to innovate in this highly competitive category. After getting to know Progressive, I'm so impressed with the culture they've created under Tricia's and Jeff's leadership – not only fast-paced and creative, but welcoming, respectful and true to its values.""
Kent joined 3M in 2013 as Global Brand and Strategy Leader for the Consumer Business Group before taking on the role of Global Business Director for the Post-It® and Scotch® Brands in 2017, where she helped return these iconic brands to growth. Prior to joining 3M, she spent 13 years with Procter & Gamble where she led billion-dollar businesses across North America, Asia, and Western Europe with leadership in brand building, P&L ownership, strategy, and successful new product launches.
Kent, who holds a degree in business administration and an MBA from Florida A&M University, has received numerous accolades for her leadership in business and marketing, including the likes of Ad Age Leading Women and 40 under 40, Twin Cities Women in Business Award, 100 Most Influential Black Leaders, Comparably 50, and Influential Marketing Leaders Changing the Industry. Remi is passionate about building high performance teams and is a true leader for diversity and inclusion. To bring that passion to life, she is a founding member of the Black Executive CMO Alliance, where she is working to create opportunity, access, and equality for the current and next generation of Black marketing leaders.
The CMO search was led by Griffith, Charney, and Progressive's Chief Human Resource Officer, Lori Niederst, along with the company's internal executive recruiting team managed by Suzanne Black.
About Progressive
The Progressive Group of Insurance Companies makes it easy to understand, buy and use auto insurance. Progressive offers choices so consumers can reach us whenever, wherever and however it's most convenient - online at progressive.com, by phone at 1-800-PROGRESSIVE, on a mobile device or in-person with a local agent.
Progressive provides insurance for personal and commercial autos and trucks, motorcycles, boats, recreational vehicles, and homes; it is the third largest auto insurer in the country, a leading seller of motorcycle and commercial auto insurance, and one of the top 15 homeowners insurance carriers.
Founded in 1937, Progressive continues its long history of offering shopping tools and services that save customers time and money, like Name Your Price®, Snapshot®, and HomeQuote Explorer®.
The Common Shares of The Progressive Corporation, the Mayfield Village, Ohio-based holding company, trade publicly atNYSE: PGR.
SOURCE Progressive Insurance
WANT YOUR COMPANY'S NEWS FEATURED ON PRNEWSWIRE.COM?
Newsrooms &
Influencers
Digital Media
Outlets
Journalists
Opted In",8,true,null,1
PGR,Progressive Corporation,https://www.theglobeandmail.com/investing/markets/stocks/PGR/pressreleases/35652240/teamwork-financial-sells-85-of-progressive-pgr-holdings-worth-almost-15-million/,"Teamwork Financial Sells 85% of Progressive (PGR) Holdings, Worth Almost $15 Million",Unknown,2025-11-18,1005,"Key Points
Teamwork Financial Advisors sold almost $15 million of its Progressive shares.
The trade accounted for 1.6% of Teamwork Financial's reportable U.S. equity assets under management as of Q3 2025.
After the trade, Teamwork Financial holds 9,737 Progressive shares, valued at $2.40 million.
Progressive now represents 0.3% of the fund's AUM, placing it outside the its top five holdings as of Q3 2025.
Teamwork Financial Advisors significantly reduced its stake in The Progressive Corporation (NYSE:PGR). It sold an estimated $14.95 million in shares during the quarter ended September 30, 2025, according its SEC filing.
What happened
According to a filing with the Securities and Exchange Commission dated October 08, 2025, Teamwork Financial Advisors significantly reduced its position in The Progressive Corporation. It sold 55,286 shares, worth about $14.95 million during the quarter.
Teamwork Financial's previous filing, dated 30 June, 2025 also had a call option for 4,700 Progressive shares, worth $1.25 million which was either closed or had expired by the end of the third quarter.
The fund now has 9,737 Progressive shares valued at around $2.40 million. It sold around 85% of its Progressive holdings.
What else to know
This was a sell transaction. According to its Q3 2025 13F filing, Progressive Corp now accounts for just 0.3% of Teamwork Financial Advisors’ reportable U.S. equity AUM.
Top holdings after the filing:
- Apple(NASDAQ:AAPL): $42.79 million (4.7% of AUM).
- Amazon(NASDAQ:AMZN): $38.19 million (4.2% of AUM).
- SPDR Series Trust - SPDR Bloomberg 1-3 Month T-Bill ETF (NYSEMKT:BIL): $35.35 million (3.9% of AUM).
- Nvidia(NASDAQ:NVDA): $32.52 million (3.6% of AUM).
- Microsoft(NASDAQ:MSFT): $29.31 million (3.2% of AUM).
As of October 7, 2025, Progressive shares were priced at $243.89, down 0.66% on the year before. The company underperformed the S&P 500 by 19.3 percentage points year-on-year.
Company Overview
| Metric | Value |
|---|---|
| Price (as of market close 2025-10-07) | $243.89 |
| Market capitalization (as of market close 2025-10-23) | $143.23 billion |
| Revenue (TTM) | $82.38 billion |
| Net income (TTM) | $10.43 billion |
Company Snapshot
The Progressive Corporation is a leading U.S. auto and property insurer with a diversified product suite and a significant national presence. It offers a broad portfolio of insurance products, including personal and commercial auto, residential property, general liability, and specialty lines such as motorcycle and RV insurance.
Headquartered in Mayfield, Ohio, with a workforce of over 66,000 employees, Progressive serves individual consumers, small businesses, and property owners across the United States.
It distributes products through independent agents, direct online channels, and over the phone. The company leverages direct-to-consumer distribution and a strong independent agent network to reach a broad customer base.
Foolish take
On face value, Teamwork Financial Advisors' sale of around 85% of its Progressive holdings seems like a significant move. However, if we dig deeper into the firm's 13F filings, the sale looks more like reverting to its previous position than a dramatic shift.
Teamwork did not own any Progressive shares this time last year. It opened a position in Q4 2024 and built on it in the subsequent two quarters. Its Progressive holdings peaked in Q2 2025, when they accounted for around 2% of its AUM and the company was one of its top 20 holdings.
That said, the sale is still substantial and it is worth noting that the insurance sector has struggled this year. An increase in extreme weather events, such as wildfires and tornadoes, has put pressure on insurers across the board. Car and property insurers have not escaped tariff uncertainty either, as they may push up the cost of various materials needed for repairs.
Progressive is a leader in the insurance industry and has delivered solid revenue growth for many years. It stands out in a competitive market for its ability to attract new customers and incorporate new technology into its business. However, its most recent earnings failed to meet analyst expectations. It may also have to pay out almost $1 billion to policyholders in Florida, due to an excess profit rule in the state. Watch out for Progressive's investor call on November 5 to find out more about the company's situation.
Glossary
Stake: The ownership interest or investment a fund or individual holds in a company.
Assets Under Management (AUM): The total market value of investments managed on behalf of clients by a financial institution or fund.
Reportable U.S. equity assets: U.S. stock holdings that an investment manager must disclose in regulatory filings.
Quarter (Q3 2025): The third three-month period of the 2025 calendar year, typically July through September.
Filing: An official document submitted to a regulatory authority, often detailing financial or investment activities.
Top holdings: The largest investments in a fund’s portfolio by value or percentage of total assets.
Market capitalization: The total value of a company’s outstanding shares, calculated as share price times shares outstanding.
Direct-to-consumer distribution: Selling products directly to customers, bypassing intermediaries like agents or brokers.
Independent agent: An insurance agent who sells products from multiple companies rather than being tied to one insurer.
Property and casualty insurance: Insurance covering property loss (like homes or cars) and liability for accidents or injuries.
Specialty lines: Insurance products designed for unique or non-standard risks, such as motorcycles or recreational vehicles.
TTM: The 12-month period ending with the most recent quarterly report.
Where to invest $1,000 right now
When our analyst team has a stock tip, it can pay to listen. After all, Stock Advisor’s total average return is 1,028%* — a market-crushing outperformance compared to 190% for the S&P 500.
They just revealed what they believe are the 10 best stocks for investors to buy right now, available when you joinStock Advisor.
*Stock Advisor returns as of October 20, 2025
Emma Newbery has positions in Amazon, Apple, and Nvidia. The Motley Fool has positions in and recommends Amazon, Apple, Microsoft, Nvidia, and Progressive. The Motley Fool recommends the following options: long January 2026 $395 calls on Microsoft and short January 2026 $405 calls on Microsoft. The Motley Fool has a disclosure policy.",null,null,null,null
PGR,Progressive Corporation,https://www.marketbeat.com/instant-alerts/filing-the-progressive-corporation-pgr-shares-bought-by-cetera-investment-advisers-2025-11-18/,The Progressive Corporation $PGR Shares Bought by Cetera Investment Advisers,MarketBeat,2025-11-18,1119,"Cetera Investment Advisers increased its position in shares of The Progressive Corporation (NYSE:PGR - Free Report) by 27.7% during the 2nd quarter, according to the company in its most recent Form 13F filing with the Securities and Exchange Commission (SEC). The institutional investor owned 97,414 shares of the insurance provider's stock after purchasing an additional 21,131 shares during the period. Cetera Investment Advisers' holdings in Progressive were worth $25,996,000 at the end of the most recent quarter.
Several other hedge funds also recently modified their holdings of the company. Rise Advisors LLC grew its holdings in Progressive by 7.4% during the first quarter. Rise Advisors LLC now owns 521 shares of the insurance provider's stock worth $147,000 after acquiring an additional 36 shares during the period. Pinnacle Wealth Management Advisory Group LLC raised its holdings in Progressive by 2.1% during the 1st quarter. Pinnacle Wealth Management Advisory Group LLC now owns 1,927 shares of the insurance provider's stock worth $545,000 after buying an additional 39 shares during the period. LRI Investments LLC boosted its holdings in shares of Progressive by 13.4% in the second quarter. LRI Investments LLC now owns 338 shares of the insurance provider's stock worth $90,000 after buying an additional 40 shares during the period. True North Advisors LLC boosted its stake in Progressive by 4.0% in the 1st quarter. True North Advisors LLC now owns 1,055 shares of the insurance provider's stock worth $299,000 after purchasing an additional 41 shares during the period. Finally, Prosperity Consulting Group LLC boosted its stake in Progressive by 1.1% in the 1st quarter. Prosperity Consulting Group LLC now owns 3,824 shares of the insurance provider's stock worth $1,082,000 after purchasing an additional 42 shares during the period. 85.34% of the stock is currently owned by institutional investors and hedge funds.
Insider Buying and Selling at Progressive
In related news, insider Steven Broz sold 1,345 shares of Progressive stock in a transaction on Tuesday, November 11th. The shares were sold at an average price of $220.00, for a total value of $295,900.00. Following the completion of the sale, the insider owned 29,043 shares of the company's stock, valued at approximately $6,389,460. The trade was a 4.43% decrease in their position. The transaction was disclosed in a document filed with the Securities & Exchange Commission, which is accessible through this link. Also, insider Patrick K. Callahan sold 6,420 shares of the business's stock in a transaction dated Friday, September 19th. The stock was sold at an average price of $242.22, for a total value of $1,555,052.40. Following the completion of the sale, the insider directly owned 15,192 shares of the company's stock, valued at $3,679,806.24. This represents a 29.71% decrease in their position. The disclosure for this sale is available in the SEC filing. Over the last ninety days, insiders sold 51,782 shares of company stock valued at $12,708,788. 0.34% of the stock is currently owned by insiders.
Progressive Stock Performance
Shares of PGR stock opened at $225.30 on Tuesday. The Progressive Corporation has a fifty-two week low of $199.90 and a fifty-two week high of $292.99. The stock's 50-day moving average is $230.61 and its two-hundred day moving average is $249.82. The company has a debt-to-equity ratio of 0.19, a current ratio of 0.32 and a quick ratio of 0.31. The firm has a market cap of $132.11 billion, a P/E ratio of 12.36, a PEG ratio of 1.19 and a beta of 0.29.
Progressive (NYSE:PGR - Get Free Report) last announced its quarterly earnings results on Wednesday, October 15th. The insurance provider reported $4.45 EPS for the quarter, missing the consensus estimate of $5.04 by ($0.59). Progressive had a net margin of 12.57% and a return on equity of 33.88%. The firm had revenue of $21.38 billion during the quarter, compared to the consensus estimate of $21.64 billion. During the same period in the previous year, the firm posted $3.58 EPS. Analysts predict that The Progressive Corporation will post 14.68 earnings per share for the current fiscal year.
Analyst Upgrades and Downgrades
A number of analysts have recently issued reports on the company. Jefferies Financial Group lowered Progressive from a ""buy"" rating to a ""hold"" rating and reduced their target price for the company from $261.00 to $232.00 in a report on Friday. Weiss Ratings lowered Progressive from a ""buy (b-)"" rating to a ""hold (c+)"" rating in a research report on Friday. Barclays decreased their price objective on Progressive from $271.00 to $257.00 and set an ""equal weight"" rating for the company in a research report on Monday, October 20th. The Goldman Sachs Group dropped their target price on Progressive from $276.00 to $245.00 and set a ""buy"" rating on the stock in a report on Monday, October 27th. Finally, JPMorgan Chase & Co. increased their price target on shares of Progressive from $301.00 to $303.00 and gave the stock an ""overweight"" rating in a research report on Thursday, October 9th. Six research analysts have rated the stock with a Buy rating, twelve have given a Hold rating and two have given a Sell rating to the company's stock. According to MarketBeat, Progressive presently has a consensus rating of ""Hold"" and a consensus price target of $265.96.
Get Our Latest Stock Analysis on Progressive
Progressive Company Profile
(
Free Report)
The Progressive Corporation, an insurance holding company, provides personal and commercial auto, personal residential and commercial property, business related general liability, and other specialty property-casualty insurance products and related services in the United States. It operates in three segments: Personal Lines, Commercial Lines, and Property.
Featured Stories
Want to see what other hedge funds are holding PGR? Visit HoldingsChannel.com to get the latest 13F filings and insider trades for The Progressive Corporation (NYSE:PGR - Free Report).
This instant news alert was generated by narrative science technology and financial data from MarketBeat in order to provide readers with the fastest reporting and unbiased coverage. Please send any questions or comments about this story to contact@marketbeat.com.
Before you consider Progressive, you'll want to hear this.
MarketBeat keeps track of Wall Street's top-rated and best performing research analysts and the stocks they recommend to their clients on a daily basis. MarketBeat has identified the five stocks that top analysts are quietly whispering to their clients to buy now before the broader market catches on... and Progressive wasn't on the list.
While Progressive currently has a Hold rating among analysts, top-rated analysts believe these five stocks are better buys.
View The Five Stocks Here
Enter your email address and we'll send you MarketBeat's guide to investing in 5G and which 5G stocks show the most promise.
Get This Free Report
Like this article? Share it with a colleague.
Link copied to clipboard.",null,null,null,null
PGR,Progressive Corporation,https://www.zacks.com/stock/news/2767714/is-progressive-corp-poised-for-an-earnings-beat-this-q3,Is Progressive Corp. Poised for an Earnings Beat This Q3?,Zacks Investment Research; Zacks Equity Research,2025-11-18,976,"We use cookies to understand how you use our site and to improve your experience.
This includes personalizing content and advertising.
By pressing ""Accept All"" or closing out of this banner, you consent to the use of all cookies and similar technologies and the sharing of information they collect with third parties.
You can reject marketing cookies by pressing ""Deny Optional,"" but we still use essential, performance, and functional cookies.
In addition, whether you ""Accept All,"" Deny Optional,"" click the X or otherwise continue to use the site, you accept our Privacy Policy and Terms of Service, revised from time to time.
You are being directed to ZacksTrade, a division of LBMZ Securities and licensed broker-dealer. ZacksTrade and Zacks.com are separate companies. The web link between the two companies is not a solicitation or offer to invest in a particular security or type of security. ZacksTrade does not endorse or adopt any particular investment strategy, any analyst opinion/rating/report or any approach to evaluating individual securities.
If you wish to go to ZacksTrade, click OK. If you do not, click Cancel.
Is Progressive Corp. Poised for an Earnings Beat This Q3?
Read MoreHide Full Article
Key Takeaways
Progressive is set to report Q3 2025 results on Oct. 15, expecting top and bottom-line growth.
Q3 revenues are estimated at $22.3B, up 14.9%, with EPS projected to rise 39.7% year over year.
Higher premiums, strong auto products and rising investment income likely lifted PGR's results.
The Progressive Corporation (PGR - Free Report) is expected to report an improvement in its top and bottom lines when it reports third-quarter 2025 results on Oct 15, before the opening bell.
The Zacks Consensus Estimate for PGR’s third-quarter revenues is pegged at $22.3 billion, indicating 14.9% growth from the year-ago reported figure.
The consensus estimate for earnings is pegged at $5.00 per share. The Zacks Consensus Estimate for PGR’s third-quarter earnings has moved up two cents in the past seven days. The estimate indicates year-over-year growth of 39.7%.
Image Source: Zacks Investment Research
Decent Earnings Surprise History
Progressive’s earnings beat the Zacks Consensus Estimates in three of the trailing four quarters while missing in one, the average surprise being 8.23% This is depicted in the following chart.
Image Source: Zacks Investment Research
What the Zacks Model Unveils for PGR
Our proven model predicts an earnings beat for Progressive this time around. The combination of a positive Earnings ESP and a Zacks Rank #1 (Strong Buy), 2 (Buy) or 3 (Hold) increases the chances of an earnings beat.
You can uncover the best stocks before they are reported with our Earnings ESP Filter.
Earnings ESP: PGR has an Earnings ESP of +2.33%. This is because the Most Accurate Estimate of $5.12 is pegged higher than the Zacks Consensus Estimate of $5.00.
The Progressive Corporation Price and EPS Surprise
(Find the latest earnings estimates and surprises on Zacks Earnings Calendar.)
Factors Likely to Shape Q3 Results
An increase in premiums, higher net investment income and fees and service revenues are likely to have favored revenues in the third quarter. The quarterly results are likely to benefit from improved personal auto products as well as commercial lines.
A compelling product portfolio, leadership position, strength in the Vehicle and Property businesses, healthy policies in force and solid retention are likely to have aided net premiums earned. The Zacks Consensus Estimate for net premiums earned is pegged at $21.1 billion, up 15.3% from the year-ago reported number.
The personal auto business is likely to have benefited from personal auto products and new and renewal application growth, which is expected to have been mainly attributable to increased advertising spend, competitively priced products and the agency incentive compensation programs. Both agency and direct auto channels are likely to have driven policy growth. The consensus estimate for personal auto policies in force is pegged at 25.3 million.
A larger invested asset base is likely to have aided improvement in net investment income. The Zacks Consensus Estimate for the metric is pegged at $914 million, up 23.5% from the year-ago reported number.
The insurer is likely to have benefited from pretax net realized gains on securities. The Zacks Consensus Estimate for the metric is pegged at $135 million.
Higher loss and loss-adjustment expenses, policy acquisition costs and other underwriting expenses are likely to have increased expenses. The consensus mark for expense ratio is pegged at 29.8.
The third quarter escaped the brutality of catastrophic events, which is likely to benefit underwriting results. This, coupled with prudent underwriting, is likely to have aided improvement in the combined ratio. The consensus mark for the combined ratio is pegged at 77.
Other Stocks to Consider
Some other P&C insurance stocks with the right combination of elements to deliver an earnings beat this time around are:
Cincinnati Financial Corporation (CINF - Free Report) has an Earnings ESP of +9.57% and a Zacks Rank of 2 at present. The Zacks Consensus Estimate for third-quarter 2025 earnings is pegged at $1.79 per share, indicating a year-over-year decrease of 26.1%
CINF’s earnings beat estimates in three of the last four reported quarters and missed in one.
The Travelers Companies (TRV - Free Report) has an Earnings ESP of +4.92% and a Zacks Rank of 3 at present. The Zacks Consensus Estimate for third-quarter 2025 earnings is pegged at $5.56 per share, indicating a year-over-year increase of 6.1%.
TRV’s earnings beat estimates in each of the last four reported quarters
Chubb Limited (CB - Free Report) has an Earnings ESP of +8.57% and a Zacks Rank of 3 at present. The Zacks Consensus Estimate for third-quarter 2025 earnings is pegged at $5.67 per share, indicating a year-over-year decrease of 0.9%.
CB’s earnings beat estimates in each of the last four reported quarters.
See More Zacks Research for These Tickers
Normally $25 each - click below to receive one report FREE:",null,null,null,null
PGR,Progressive Corporation,https://www.marketbeat.com/instant-alerts/filing-citigroup-inc-sells-35225-shares-of-the-progressive-corporation-pgr-2025-11-18/,"Citigroup Inc. Sells 35,225 Shares of The Progressive Corporation $PGR",MarketBeat,2025-11-18,1051,"Citigroup Inc. reduced its holdings in The Progressive Corporation (NYSE:PGR - Free Report) by 4.2% in the 2nd quarter, according to its most recent disclosure with the Securities and Exchange Commission (SEC). The institutional investor owned 808,371 shares of the insurance provider's stock after selling 35,225 shares during the quarter. Citigroup Inc. owned 0.14% of Progressive worth $215,722,000 at the end of the most recent reporting period.
Several other institutional investors have also modified their holdings of PGR. Atlantic Union Bankshares Corp acquired a new stake in Progressive during the 2nd quarter worth approximately $33,000. Westside Investment Management Inc. increased its position in shares of Progressive by 900.0% during the second quarter. Westside Investment Management Inc. now owns 130 shares of the insurance provider's stock worth $34,000 after acquiring an additional 117 shares in the last quarter. Ransom Advisory Ltd bought a new stake in shares of Progressive during the first quarter worth $35,000. Activest Wealth Management raised its holdings in shares of Progressive by 6,350.0% during the first quarter. Activest Wealth Management now owns 129 shares of the insurance provider's stock worth $37,000 after acquiring an additional 127 shares during the period. Finally, Richardson Financial Services Inc. lifted its position in Progressive by 1,885.7% in the 2nd quarter. Richardson Financial Services Inc. now owns 139 shares of the insurance provider's stock valued at $37,000 after acquiring an additional 132 shares in the last quarter. Institutional investors own 85.34% of the company's stock.
Insider Activity
In other Progressive news, insider John Jo Murphy sold 2,218 shares of the company's stock in a transaction that occurred on Friday, September 19th. The stock was sold at an average price of $242.10, for a total value of $536,977.80. Following the sale, the insider owned 43,506 shares in the company, valued at $10,532,802.60. This represents a 4.85% decrease in their ownership of the stock. The transaction was disclosed in a filing with the Securities & Exchange Commission, which is available at this link. Also, insider Patrick K. Callahan sold 6,420 shares of the firm's stock in a transaction that occurred on Friday, September 19th. The shares were sold at an average price of $242.22, for a total value of $1,555,052.40. Following the completion of the sale, the insider directly owned 15,192 shares of the company's stock, valued at approximately $3,679,806.24. The trade was a 29.71% decrease in their ownership of the stock. The disclosure for this sale is available in the SEC filing. Insiders sold a total of 51,782 shares of company stock valued at $12,708,788 in the last 90 days. 0.34% of the stock is owned by company insiders.
Progressive Stock Up 0.1%
PGR stock opened at $225.30 on Tuesday. The Progressive Corporation has a twelve month low of $199.90 and a twelve month high of $292.99. The company has a market cap of $132.11 billion, a price-to-earnings ratio of 12.36, a P/E/G ratio of 1.19 and a beta of 0.29. The company has a quick ratio of 0.31, a current ratio of 0.32 and a debt-to-equity ratio of 0.19. The business has a 50 day moving average price of $230.61 and a two-hundred day moving average price of $249.82.
Progressive (NYSE:PGR - Get Free Report) last released its quarterly earnings data on Wednesday, October 15th. The insurance provider reported $4.45 EPS for the quarter, missing the consensus estimate of $5.04 by ($0.59). The company had revenue of $21.38 billion during the quarter, compared to analyst estimates of $21.64 billion. Progressive had a net margin of 12.57% and a return on equity of 33.88%. During the same period in the previous year, the company posted $3.58 EPS. Analysts anticipate that The Progressive Corporation will post 14.68 EPS for the current fiscal year.
Analysts Set New Price Targets
A number of research firms have issued reports on PGR. UBS Group lowered their target price on Progressive from $268.00 to $261.00 and set a ""neutral"" rating for the company in a report on Wednesday, October 8th. Zacks Research downgraded Progressive from a ""strong-buy"" rating to a ""hold"" rating in a report on Friday, October 10th. Wall Street Zen cut Progressive from a ""buy"" rating to a ""hold"" rating in a research note on Sunday, September 21st. Citigroup reduced their price target on Progressive from $312.00 to $301.38 and set a ""buy"" rating for the company in a research report on Thursday, October 16th. Finally, Morgan Stanley set a $214.00 price target on shares of Progressive and gave the stock an ""underweight"" rating in a research note on Monday, October 20th. Six investment analysts have rated the stock with a Buy rating, twelve have given a Hold rating and two have given a Sell rating to the company. According to MarketBeat.com, Progressive presently has a consensus rating of ""Hold"" and an average target price of $265.96.
Get Our Latest Stock Analysis on Progressive
About Progressive
(
Free Report)
The Progressive Corporation, an insurance holding company, provides personal and commercial auto, personal residential and commercial property, business related general liability, and other specialty property-casualty insurance products and related services in the United States. It operates in three segments: Personal Lines, Commercial Lines, and Property.
Featured Articles
Want to see what other hedge funds are holding PGR? Visit HoldingsChannel.com to get the latest 13F filings and insider trades for The Progressive Corporation (NYSE:PGR - Free Report).
This instant news alert was generated by narrative science technology and financial data from MarketBeat in order to provide readers with the fastest reporting and unbiased coverage. Please send any questions or comments about this story to contact@marketbeat.com.
Before you consider Progressive, you'll want to hear this.
MarketBeat keeps track of Wall Street's top-rated and best performing research analysts and the stocks they recommend to their clients on a daily basis. MarketBeat has identified the five stocks that top analysts are quietly whispering to their clients to buy now before the broader market catches on... and Progressive wasn't on the list.
While Progressive currently has a Hold rating among analysts, top-rated analysts believe these five stocks are better buys.
View The Five Stocks Here
Enter your email address and we'll send you MarketBeat's list of seven best retirement stocks and why they should be in your portfolio.
Get This Free Report
Like this article? Share it with a colleague.
Link copied to clipboard.",null,null,null,null
PGR,Progressive Corporation,https://www.marketbeat.com/instant-alerts/filing-citizens-financial-group-inc-ri-buys-2109-shares-of-the-progressive-corporation-pgr-2025-11-17/,"Citizens Financial Group Inc. RI Buys 2,109 Shares of The Progressive Corporation $PGR",MarketBeat,2025-11-17,1071,"Citizens Financial Group Inc. RI boosted its position in The Progressive Corporation (NYSE:PGR - Free Report) by 12.5% in the second quarter, according to its most recent Form 13F filing with the SEC. The institutional investor owned 19,037 shares of the insurance provider's stock after purchasing an additional 2,109 shares during the quarter. Citizens Financial Group Inc. RI's holdings in Progressive were worth $5,080,000 at the end of the most recent reporting period.
Other institutional investors have also modified their holdings of the company. Atlantic Union Bankshares Corp bought a new position in shares of Progressive during the 2nd quarter worth approximately $33,000. Westside Investment Management Inc. grew its holdings in Progressive by 900.0% in the second quarter. Westside Investment Management Inc. now owns 130 shares of the insurance provider's stock worth $34,000 after purchasing an additional 117 shares during the last quarter. Ransom Advisory Ltd acquired a new position in shares of Progressive during the first quarter worth $35,000. Activest Wealth Management lifted its holdings in shares of Progressive by 6,350.0% during the 1st quarter. Activest Wealth Management now owns 129 shares of the insurance provider's stock valued at $37,000 after purchasing an additional 127 shares during the last quarter. Finally, Richardson Financial Services Inc. boosted its position in shares of Progressive by 1,885.7% in the 2nd quarter. Richardson Financial Services Inc. now owns 139 shares of the insurance provider's stock worth $37,000 after purchasing an additional 132 shares in the last quarter. 85.34% of the stock is currently owned by institutional investors.
Progressive Price Performance
Shares of NYSE:PGR opened at $225.23 on Monday. The Progressive Corporation has a twelve month low of $199.90 and a twelve month high of $292.99. The company has a current ratio of 0.32, a quick ratio of 0.31 and a debt-to-equity ratio of 0.19. The company has a market cap of $132.08 billion, a PE ratio of 12.36, a price-to-earnings-growth ratio of 1.19 and a beta of 0.29. The company's 50 day moving average is $231.02 and its 200 day moving average is $250.19.
Progressive (NYSE:PGR - Get Free Report) last released its quarterly earnings data on Wednesday, October 15th. The insurance provider reported $4.45 EPS for the quarter, missing the consensus estimate of $5.04 by ($0.59). The business had revenue of $21.38 billion during the quarter, compared to analysts' expectations of $21.64 billion. Progressive had a net margin of 12.57% and a return on equity of 33.88%. During the same period last year, the company earned $3.58 earnings per share. On average, sell-side analysts forecast that The Progressive Corporation will post 14.68 EPS for the current year.
Insider Buying and Selling at Progressive
In other news, CEO Susan Patricia Griffith sold 30,659 shares of the company's stock in a transaction dated Tuesday, September 2nd. The stock was sold at an average price of $246.06, for a total value of $7,543,953.54. Following the sale, the chief executive officer owned 476,286 shares in the company, valued at $117,194,933.16. This represents a 6.05% decrease in their ownership of the stock. The sale was disclosed in a filing with the Securities & Exchange Commission, which is available through the SEC website. Also, insider Steven Broz sold 1,345 shares of Progressive stock in a transaction that occurred on Tuesday, November 11th. The shares were sold at an average price of $220.00, for a total value of $295,900.00. Following the transaction, the insider owned 29,043 shares of the company's stock, valued at approximately $6,389,460. This represents a 4.43% decrease in their ownership of the stock. The SEC filing for this sale provides additional information. Insiders sold a total of 51,782 shares of company stock valued at $12,708,788 in the last three months. Company insiders own 0.34% of the company's stock.
Analyst Upgrades and Downgrades
Several research analysts recently issued reports on the company. Weiss Ratings lowered Progressive from a ""buy (b-)"" rating to a ""hold (c+)"" rating in a research report on Friday. Barclays dropped their price target on Progressive from $271.00 to $257.00 and set an ""equal weight"" rating on the stock in a research note on Monday, October 20th. BMO Capital Markets reaffirmed a ""market perform"" rating on shares of Progressive in a research report on Monday, November 3rd. Wells Fargo & Company dropped their target price on shares of Progressive from $266.00 to $246.00 and set an ""equal weight"" rating on the stock in a research report on Thursday, October 16th. Finally, Bank of America upped their price target on shares of Progressive from $350.00 to $351.00 and gave the company a ""buy"" rating in a research note on Thursday, October 16th. Six research analysts have rated the stock with a Buy rating, thirteen have issued a Hold rating and one has given a Sell rating to the stock. According to MarketBeat.com, the company has an average rating of ""Hold"" and an average target price of $266.46.
Check Out Our Latest Research Report on Progressive
Progressive Company Profile
(
Free Report)
The Progressive Corporation, an insurance holding company, provides personal and commercial auto, personal residential and commercial property, business related general liability, and other specialty property-casualty insurance products and related services in the United States. It operates in three segments: Personal Lines, Commercial Lines, and Property.
Featured Articles
Want to see what other hedge funds are holding PGR? Visit HoldingsChannel.com to get the latest 13F filings and insider trades for The Progressive Corporation (NYSE:PGR - Free Report).
This instant news alert was generated by narrative science technology and financial data from MarketBeat in order to provide readers with the fastest reporting and unbiased coverage. Please send any questions or comments about this story to contact@marketbeat.com.
Before you consider Progressive, you'll want to hear this.
MarketBeat keeps track of Wall Street's top-rated and best performing research analysts and the stocks they recommend to their clients on a daily basis. MarketBeat has identified the five stocks that top analysts are quietly whispering to their clients to buy now before the broader market catches on... and Progressive wasn't on the list.
While Progressive currently has a Hold rating among analysts, top-rated analysts believe these five stocks are better buys.
View The Five Stocks Here
Thinking about investing in Meta, Roblox, or Unity? Enter your email to learn what streetwise investors need to know about the metaverse and public markets before making an investment.
Get This Free Report
Like this article? Share it with a colleague.
Link copied to clipboard.",null,null,null,null
PGR,Progressive Corporation,https://www.marketbeat.com/instant-alerts/filing-alberta-investment-management-corp-increases-holdings-in-the-progressive-corporation-pgr-2025-11-17/,Alberta Investment Management Corp Increases Holdings in The Progressive Corporation $PGR,MarketBeat,2025-11-17,1064,"Alberta Investment Management Corp boosted its stake in The Progressive Corporation (NYSE:PGR - Free Report) by 23.9% in the 2nd quarter, according to the company in its most recent 13F filing with the Securities & Exchange Commission. The firm owned 17,100 shares of the insurance provider's stock after purchasing an additional 3,300 shares during the quarter. Alberta Investment Management Corp's holdings in Progressive were worth $4,563,000 as of its most recent filing with the Securities & Exchange Commission.
Other hedge funds and other institutional investors have also recently modified their holdings of the company. Atlantic Union Bankshares Corp purchased a new position in Progressive in the second quarter worth $33,000. Westside Investment Management Inc. lifted its stake in Progressive by 900.0% during the second quarter. Westside Investment Management Inc. now owns 130 shares of the insurance provider's stock worth $34,000 after purchasing an additional 117 shares during the last quarter. Ransom Advisory Ltd bought a new position in shares of Progressive during the 1st quarter valued at about $35,000. Activest Wealth Management increased its position in shares of Progressive by 6,350.0% during the 1st quarter. Activest Wealth Management now owns 129 shares of the insurance provider's stock valued at $37,000 after purchasing an additional 127 shares during the last quarter. Finally, Richardson Financial Services Inc. raised its holdings in shares of Progressive by 1,885.7% during the 2nd quarter. Richardson Financial Services Inc. now owns 139 shares of the insurance provider's stock valued at $37,000 after buying an additional 132 shares in the last quarter. 85.34% of the stock is currently owned by institutional investors.
Analyst Upgrades and Downgrades
Several analysts have weighed in on PGR shares. Morgan Stanley set a $214.00 price target on shares of Progressive and gave the stock an ""underweight"" rating in a research note on Monday, October 20th. Weiss Ratings cut Progressive from a ""buy (b-)"" rating to a ""hold (c+)"" rating in a report on Friday. UBS Group reduced their price target on Progressive from $268.00 to $261.00 and set a ""neutral"" rating on the stock in a research report on Wednesday, October 8th. Bank of America boosted their price objective on Progressive from $350.00 to $351.00 and gave the company a ""buy"" rating in a research report on Thursday, October 16th. Finally, Wall Street Zen cut shares of Progressive from a ""buy"" rating to a ""hold"" rating in a report on Sunday, September 21st. Six equities research analysts have rated the stock with a Buy rating, thirteen have issued a Hold rating and one has given a Sell rating to the company's stock. According to data from MarketBeat, the company currently has an average rating of ""Hold"" and a consensus target price of $266.46.
Check Out Our Latest Research Report on Progressive
Insider Activity at Progressive
In other news, insider John Jo Murphy sold 2,218 shares of the stock in a transaction that occurred on Friday, August 22nd. The stock was sold at an average price of $250.78, for a total transaction of $556,230.04. Following the completion of the transaction, the insider directly owned 45,724 shares in the company, valued at approximately $11,466,664.72. This represents a 4.63% decrease in their position. The transaction was disclosed in a legal filing with the Securities & Exchange Commission, which can be accessed through the SEC website. Also, CEO Susan Patricia Griffith sold 30,659 shares of the company's stock in a transaction that occurred on Tuesday, September 2nd. The shares were sold at an average price of $246.06, for a total value of $7,543,953.54. Following the sale, the chief executive officer owned 476,286 shares in the company, valued at approximately $117,194,933.16. This trade represents a 6.05% decrease in their ownership of the stock. Additional details regarding this sale are available in the official SEC disclosure. Insiders sold 51,782 shares of company stock worth $12,708,788 over the last 90 days. Company insiders own 0.34% of the company's stock.
Progressive Stock Performance
PGR stock opened at $225.23 on Monday. The stock's 50 day simple moving average is $231.02 and its 200 day simple moving average is $250.19. The company has a current ratio of 0.32, a quick ratio of 0.31 and a debt-to-equity ratio of 0.19. The Progressive Corporation has a 12-month low of $199.90 and a 12-month high of $292.99. The stock has a market capitalization of $132.08 billion, a PE ratio of 12.36, a price-to-earnings-growth ratio of 1.19 and a beta of 0.29.
Progressive (NYSE:PGR - Get Free Report) last announced its earnings results on Wednesday, October 15th. The insurance provider reported $4.45 earnings per share (EPS) for the quarter, missing the consensus estimate of $5.04 by ($0.59). The firm had revenue of $21.38 billion during the quarter, compared to analysts' expectations of $21.64 billion. Progressive had a return on equity of 33.88% and a net margin of 12.57%.During the same period in the previous year, the business posted $3.58 earnings per share. As a group, research analysts forecast that The Progressive Corporation will post 14.68 earnings per share for the current fiscal year.
Progressive Profile
(
Free Report)
The Progressive Corporation, an insurance holding company, provides personal and commercial auto, personal residential and commercial property, business related general liability, and other specialty property-casualty insurance products and related services in the United States. It operates in three segments: Personal Lines, Commercial Lines, and Property.
Further Reading
This instant news alert was generated by narrative science technology and financial data from MarketBeat in order to provide readers with the fastest reporting and unbiased coverage. Please send any questions or comments about this story to contact@marketbeat.com.
Before you consider Progressive, you'll want to hear this.
MarketBeat keeps track of Wall Street's top-rated and best performing research analysts and the stocks they recommend to their clients on a daily basis. MarketBeat has identified the five stocks that top analysts are quietly whispering to their clients to buy now before the broader market catches on... and Progressive wasn't on the list.
While Progressive currently has a Hold rating among analysts, top-rated analysts believe these five stocks are better buys.
View The Five Stocks Here
Discover the next wave of investment opportunities with our report, 7 Stocks That Will Be Magnificent in 2025. Explore companies poised to replicate the growth, innovation, and value creation of the tech giants dominating today's markets.
Get This Free Report
Like this article? Share it with a colleague.
Link copied to clipboard.",null,null,null,null
PGR,Progressive Corporation,https://www.marketbeat.com/instant-alerts/filing-generali-investments-management-co-llc-makes-new-investment-in-the-progressive-corporation-pgr-2025-11-16/,Generali Investments Management Co LLC Makes New Investment in The Progressive Corporation $PGR,MarketBeat,2025-11-16,1136,"Generali Investments Management Co LLC acquired a new stake in The Progressive Corporation (NYSE:PGR - Free Report) in the second quarter, according to the company in its most recent disclosure with the Securities and Exchange Commission (SEC). The fund acquired 6,921 shares of the insurance provider's stock, valued at approximately $1,844,000.
Other institutional investors have also recently added to or reduced their stakes in the company. Rise Advisors LLC grew its holdings in Progressive by 7.4% in the 1st quarter. Rise Advisors LLC now owns 521 shares of the insurance provider's stock valued at $147,000 after buying an additional 36 shares during the period. Pinnacle Wealth Management Advisory Group LLC boosted its position in shares of Progressive by 2.1% in the first quarter. Pinnacle Wealth Management Advisory Group LLC now owns 1,927 shares of the insurance provider's stock worth $545,000 after acquiring an additional 39 shares during the last quarter. LRI Investments LLC boosted its position in shares of Progressive by 13.4% in the second quarter. LRI Investments LLC now owns 338 shares of the insurance provider's stock worth $90,000 after acquiring an additional 40 shares during the last quarter. True North Advisors LLC grew its holdings in Progressive by 4.0% in the first quarter. True North Advisors LLC now owns 1,055 shares of the insurance provider's stock valued at $299,000 after purchasing an additional 41 shares during the period. Finally, Prosperity Consulting Group LLC increased its position in Progressive by 1.1% during the first quarter. Prosperity Consulting Group LLC now owns 3,824 shares of the insurance provider's stock worth $1,082,000 after purchasing an additional 42 shares during the last quarter. 85.34% of the stock is currently owned by institutional investors and hedge funds.
Insider Activity
In other Progressive news, CEO Susan Patricia Griffith sold 30,659 shares of the business's stock in a transaction on Tuesday, September 2nd. The shares were sold at an average price of $246.06, for a total value of $7,543,953.54. Following the transaction, the chief executive officer owned 476,286 shares in the company, valued at $117,194,933.16. The trade was a 6.05% decrease in their position. The sale was disclosed in a filing with the SEC, which is available through the SEC website. Also, insider John Jo Murphy sold 2,218 shares of the company's stock in a transaction dated Friday, August 22nd. The shares were sold at an average price of $250.78, for a total transaction of $556,230.04. Following the completion of the transaction, the insider directly owned 45,724 shares of the company's stock, valued at approximately $11,466,664.72. The trade was a 4.63% decrease in their ownership of the stock. Additional details regarding this sale are available in the official SEC disclosure. In the last three months, insiders sold 51,782 shares of company stock valued at $12,708,788. 0.34% of the stock is currently owned by company insiders.
Wall Street Analysts Forecast Growth
Several analysts have recently issued reports on the stock. BMO Capital Markets reissued a ""market perform"" rating on shares of Progressive in a research note on Monday, November 3rd. Keefe, Bruyette & Woods lowered their price target on Progressive from $262.00 to $246.00 and set a ""market perform"" rating for the company in a research report on Wednesday, November 5th. Weiss Ratings restated a ""buy (b-)"" rating on shares of Progressive in a research note on Friday, October 31st. Barclays reduced their price objective on Progressive from $271.00 to $257.00 and set an ""equal weight"" rating on the stock in a research note on Monday, October 20th. Finally, Wells Fargo & Company dropped their target price on shares of Progressive from $266.00 to $246.00 and set an ""equal weight"" rating for the company in a research report on Thursday, October 16th. Seven investment analysts have rated the stock with a Buy rating, twelve have given a Hold rating and one has issued a Sell rating to the stock. According to MarketBeat, the stock presently has a consensus rating of ""Hold"" and a consensus target price of $266.46.
View Our Latest Report on PGR
Progressive Price Performance
Shares of NYSE PGR opened at $225.23 on Friday. The company has a debt-to-equity ratio of 0.19, a current ratio of 0.32 and a quick ratio of 0.31. The Progressive Corporation has a 1-year low of $199.90 and a 1-year high of $292.99. The company has a market capitalization of $132.08 billion, a price-to-earnings ratio of 12.36, a PEG ratio of 1.19 and a beta of 0.29. The business has a 50-day moving average of $231.02 and a 200-day moving average of $250.41.
Progressive (NYSE:PGR - Get Free Report) last announced its earnings results on Wednesday, October 15th. The insurance provider reported $4.45 EPS for the quarter, missing the consensus estimate of $5.04 by ($0.59). The company had revenue of $21.38 billion for the quarter, compared to analysts' expectations of $21.64 billion. Progressive had a net margin of 12.57% and a return on equity of 33.88%. During the same quarter in the previous year, the business posted $3.58 earnings per share. On average, equities analysts anticipate that The Progressive Corporation will post 14.68 EPS for the current fiscal year.
Progressive Company Profile
(
Free Report)
The Progressive Corporation, an insurance holding company, provides personal and commercial auto, personal residential and commercial property, business related general liability, and other specialty property-casualty insurance products and related services in the United States. It operates in three segments: Personal Lines, Commercial Lines, and Property.
Featured Articles
Want to see what other hedge funds are holding PGR? Visit HoldingsChannel.com to get the latest 13F filings and insider trades for The Progressive Corporation (NYSE:PGR - Free Report).
This instant news alert was generated by narrative science technology and financial data from MarketBeat in order to provide readers with the fastest reporting and unbiased coverage. Please send any questions or comments about this story to contact@marketbeat.com.
Before you consider Progressive, you'll want to hear this.
MarketBeat keeps track of Wall Street's top-rated and best performing research analysts and the stocks they recommend to their clients on a daily basis. MarketBeat has identified the five stocks that top analysts are quietly whispering to their clients to buy now before the broader market catches on... and Progressive wasn't on the list.
While Progressive currently has a Hold rating among analysts, top-rated analysts believe these five stocks are better buys.
View The Five Stocks Here
Nuclear energy stocks are roaring. It's the hottest energy sector of the year. Cameco Corp, Paladin Energy, and BWX Technologies were all up more than 40% in 2024. The biggest market moves could still be ahead of us, and there are seven nuclear energy stocks that could rise much higher in the next several months. To unlock these tickers, enter your email address below.
Get This Free Report
Like this article? Share it with a colleague.
Link copied to clipboard.",null,null,null,null
PGR,Progressive Corporation,https://www.marketbeat.com/instant-alerts/filing-the-progressive-corporation-pgr-shares-sold-by-thoroughbred-financial-services-llc-2025-11-16/,The Progressive Corporation $PGR Shares Sold by Thoroughbred Financial Services LLC,MarketBeat,2025-11-16,1028,"Thoroughbred Financial Services LLC decreased its stake in shares of The Progressive Corporation (NYSE:PGR - Free Report) by 48.2% during the 2nd quarter, according to the company in its most recent 13F filing with the Securities and Exchange Commission. The firm owned 6,596 shares of the insurance provider's stock after selling 6,148 shares during the period. Thoroughbred Financial Services LLC's holdings in Progressive were worth $1,760,000 as of its most recent SEC filing.
A number of other hedge funds and other institutional investors also recently made changes to their positions in PGR. Atlantic Union Bankshares Corp acquired a new position in shares of Progressive during the second quarter valued at approximately $33,000. Ransom Advisory Ltd bought a new position in Progressive during the 1st quarter valued at $35,000. Activest Wealth Management increased its position in shares of Progressive by 6,350.0% during the 1st quarter. Activest Wealth Management now owns 129 shares of the insurance provider's stock valued at $37,000 after purchasing an additional 127 shares during the period. Westside Investment Management Inc. raised its stake in shares of Progressive by 900.0% in the 2nd quarter. Westside Investment Management Inc. now owns 130 shares of the insurance provider's stock worth $34,000 after buying an additional 117 shares in the last quarter. Finally, Accent Capital Management LLC acquired a new stake in shares of Progressive in the first quarter valued at $39,000. 85.34% of the stock is currently owned by institutional investors.
Progressive Trading Up 0.9%
Progressive stock opened at $225.23 on Friday. The Progressive Corporation has a 52 week low of $199.90 and a 52 week high of $292.99. The company has a debt-to-equity ratio of 0.19, a quick ratio of 0.31 and a current ratio of 0.32. The firm has a market capitalization of $132.08 billion, a price-to-earnings ratio of 12.36, a P/E/G ratio of 1.19 and a beta of 0.29. The company has a 50 day moving average price of $231.02 and a 200 day moving average price of $250.41.
Progressive (NYSE:PGR - Get Free Report) last released its earnings results on Wednesday, October 15th. The insurance provider reported $4.45 earnings per share (EPS) for the quarter, missing analysts' consensus estimates of $5.04 by ($0.59). Progressive had a net margin of 12.57% and a return on equity of 33.88%. The business had revenue of $21.38 billion during the quarter, compared to analysts' expectations of $21.64 billion. During the same quarter in the previous year, the company earned $3.58 EPS. Research analysts forecast that The Progressive Corporation will post 14.68 EPS for the current year.
Insiders Place Their Bets
In other Progressive news, insider Steven Broz sold 1,345 shares of Progressive stock in a transaction dated Tuesday, November 11th. The stock was sold at an average price of $220.00, for a total transaction of $295,900.00. Following the transaction, the insider owned 29,043 shares of the company's stock, valued at $6,389,460. The trade was a 4.43% decrease in their position. The transaction was disclosed in a legal filing with the SEC, which is available through this hyperlink. Also, CEO Susan Patricia Griffith sold 30,659 shares of the company's stock in a transaction dated Tuesday, September 2nd. The shares were sold at an average price of $246.06, for a total value of $7,543,953.54. Following the completion of the transaction, the chief executive officer owned 476,286 shares in the company, valued at $117,194,933.16. This represents a 6.05% decrease in their position. Additional details regarding this sale are available in the official SEC disclosure. Over the last quarter, insiders have sold 51,782 shares of company stock valued at $12,708,788. 0.34% of the stock is owned by insiders.
Wall Street Analysts Forecast Growth
PGR has been the topic of a number of research analyst reports. Citigroup lowered their target price on Progressive from $312.00 to $301.38 and set a ""buy"" rating on the stock in a report on Thursday, October 16th. UBS Group lowered their price objective on shares of Progressive from $268.00 to $261.00 and set a ""neutral"" rating on the stock in a research note on Wednesday, October 8th. Wolfe Research assumed coverage on shares of Progressive in a research note on Monday, September 15th. They set a ""peer perform"" rating for the company. The Goldman Sachs Group decreased their price target on shares of Progressive from $276.00 to $245.00 and set a ""buy"" rating on the stock in a research report on Monday, October 27th. Finally, Cantor Fitzgerald upgraded Progressive to a ""hold"" rating in a research report on Wednesday, August 13th. Seven research analysts have rated the stock with a Buy rating, twelve have assigned a Hold rating and one has assigned a Sell rating to the company's stock. According to data from MarketBeat, the stock presently has an average rating of ""Hold"" and an average price target of $266.46.
Check Out Our Latest Research Report on Progressive
About Progressive
(
Free Report)
The Progressive Corporation, an insurance holding company, provides personal and commercial auto, personal residential and commercial property, business related general liability, and other specialty property-casualty insurance products and related services in the United States. It operates in three segments: Personal Lines, Commercial Lines, and Property.
Featured Articles
This instant news alert was generated by narrative science technology and financial data from MarketBeat in order to provide readers with the fastest reporting and unbiased coverage. Please send any questions or comments about this story to contact@marketbeat.com.
Before you consider Progressive, you'll want to hear this.
MarketBeat keeps track of Wall Street's top-rated and best performing research analysts and the stocks they recommend to their clients on a daily basis. MarketBeat has identified the five stocks that top analysts are quietly whispering to their clients to buy now before the broader market catches on... and Progressive wasn't on the list.
While Progressive currently has a Hold rating among analysts, top-rated analysts believe these five stocks are better buys.
View The Five Stocks Here
Thinking about investing in Meta, Roblox, or Unity? Enter your email to learn what streetwise investors need to know about the metaverse and public markets before making an investment.
Get This Free Report
Like this article? Share it with a colleague.
Link copied to clipboard.",null,null,null,null
PGR,Progressive Corporation,https://www.marketbeat.com/instant-alerts/filing-the-progressive-corporation-pgr-shares-acquired-by-cornerstone-advisors-llc-2025-11-16/,The Progressive Corporation $PGR Shares Acquired by Cornerstone Advisors LLC,MarketBeat,2025-11-16,1005,"Cornerstone Advisors LLC lifted its position in The Progressive Corporation (NYSE:PGR - Free Report) by 5.3% during the second quarter, according to its most recent Form 13F filing with the Securities and Exchange Commission (SEC). The fund owned 23,800 shares of the insurance provider's stock after acquiring an additional 1,200 shares during the period. Cornerstone Advisors LLC's holdings in Progressive were worth $6,351,000 as of its most recent filing with the Securities and Exchange Commission (SEC).
Several other hedge funds have also recently added to or reduced their stakes in PGR. Atlantic Union Bankshares Corp purchased a new stake in shares of Progressive during the second quarter worth $33,000. Ransom Advisory Ltd acquired a new position in Progressive during the first quarter worth about $35,000. Activest Wealth Management grew its stake in Progressive by 6,350.0% during the 1st quarter. Activest Wealth Management now owns 129 shares of the insurance provider's stock valued at $37,000 after acquiring an additional 127 shares in the last quarter. Westside Investment Management Inc. raised its holdings in Progressive by 900.0% in the 2nd quarter. Westside Investment Management Inc. now owns 130 shares of the insurance provider's stock valued at $34,000 after acquiring an additional 117 shares during the last quarter. Finally, Accent Capital Management LLC purchased a new position in Progressive in the 1st quarter worth approximately $39,000. 85.34% of the stock is owned by institutional investors and hedge funds.
Insider Activity at Progressive
In related news, insider Patrick K. Callahan sold 6,420 shares of Progressive stock in a transaction that occurred on Friday, September 19th. The shares were sold at an average price of $242.22, for a total value of $1,555,052.40. Following the completion of the sale, the insider owned 15,192 shares in the company, valued at approximately $3,679,806.24. This trade represents a 29.71% decrease in their position. The transaction was disclosed in a document filed with the Securities & Exchange Commission, which is accessible through this link. Also, insider Steven Broz sold 1,345 shares of the business's stock in a transaction that occurred on Tuesday, November 11th. The shares were sold at an average price of $220.00, for a total value of $295,900.00. Following the completion of the sale, the insider directly owned 29,043 shares in the company, valued at approximately $6,389,460. The trade was a 4.43% decrease in their position. The SEC filing for this sale provides additional information. Over the last 90 days, insiders sold 51,782 shares of company stock worth $12,708,788. Company insiders own 0.34% of the company's stock.
Progressive Stock Up 0.9%
Shares of NYSE:PGR opened at $225.23 on Friday. The company has a market capitalization of $132.08 billion, a price-to-earnings ratio of 12.36, a PEG ratio of 1.19 and a beta of 0.29. The Progressive Corporation has a 12-month low of $199.90 and a 12-month high of $292.99. The business has a 50-day moving average price of $231.02 and a 200 day moving average price of $250.41. The company has a current ratio of 0.32, a quick ratio of 0.31 and a debt-to-equity ratio of 0.19.
Progressive (NYSE:PGR - Get Free Report) last announced its earnings results on Wednesday, October 15th. The insurance provider reported $4.45 earnings per share for the quarter, missing the consensus estimate of $5.04 by ($0.59). Progressive had a return on equity of 33.88% and a net margin of 12.57%.The company had revenue of $21.38 billion for the quarter, compared to analysts' expectations of $21.64 billion. During the same period last year, the business earned $3.58 EPS. Sell-side analysts expect that The Progressive Corporation will post 14.68 EPS for the current year.
Wall Street Analysts Forecast Growth
PGR has been the subject of several recent research reports. Wolfe Research began coverage on Progressive in a report on Monday, September 15th. They issued a ""peer perform"" rating for the company. Bank of America lifted their price target on Progressive from $350.00 to $351.00 and gave the stock a ""buy"" rating in a report on Thursday, October 16th. Evercore ISI lowered their price target on shares of Progressive from $275.00 to $273.00 and set an ""in-line"" rating on the stock in a research report on Wednesday, October 1st. Weiss Ratings reissued a ""buy (b-)"" rating on shares of Progressive in a report on Friday, October 31st. Finally, Cantor Fitzgerald upgraded shares of Progressive to a ""hold"" rating in a research report on Wednesday, August 13th. Seven analysts have rated the stock with a Buy rating, twelve have given a Hold rating and one has issued a Sell rating to the company. According to data from MarketBeat, the stock has an average rating of ""Hold"" and an average target price of $266.46.
Read Our Latest Research Report on PGR
Progressive Profile
(
Free Report)
The Progressive Corporation, an insurance holding company, provides personal and commercial auto, personal residential and commercial property, business related general liability, and other specialty property-casualty insurance products and related services in the United States. It operates in three segments: Personal Lines, Commercial Lines, and Property.
Recommended Stories
This instant news alert was generated by narrative science technology and financial data from MarketBeat in order to provide readers with the fastest reporting and unbiased coverage. Please send any questions or comments about this story to contact@marketbeat.com.
Before you consider Progressive, you'll want to hear this.
MarketBeat keeps track of Wall Street's top-rated and best performing research analysts and the stocks they recommend to their clients on a daily basis. MarketBeat has identified the five stocks that top analysts are quietly whispering to their clients to buy now before the broader market catches on... and Progressive wasn't on the list.
While Progressive currently has a Hold rating among analysts, top-rated analysts believe these five stocks are better buys.
View The Five Stocks Here
Looking for the next FAANG stock before everyone has heard about it? Enter your email address to see which stocks MarketBeat analysts think might become the next trillion dollar tech company.
Get This Free Report
Like this article? Share it with a colleague.
Link copied to clipboard.",null,null,null,null
PGR,Progressive Corporation,https://www.marketbeat.com/instant-alerts/filing-tortoise-investment-management-llc-trims-holdings-in-the-progressive-corporation-pgr-2025-11-16/,Tortoise Investment Management LLC Trims Holdings in The Progressive Corporation $PGR,MarketBeat,2025-11-16,1053,"Tortoise Investment Management LLC decreased its holdings in shares of The Progressive Corporation (NYSE:PGR - Free Report) by 4.7% in the second quarter, according to its most recent 13F filing with the Securities and Exchange Commission (SEC). The fund owned 29,964 shares of the insurance provider's stock after selling 1,493 shares during the period. Tortoise Investment Management LLC's holdings in Progressive were worth $7,996,000 at the end of the most recent reporting period.
A number of other large investors have also recently made changes to their positions in the business. Atlantic Union Bankshares Corp purchased a new stake in shares of Progressive in the 2nd quarter worth about $33,000. Ransom Advisory Ltd bought a new position in Progressive in the first quarter worth about $35,000. Activest Wealth Management lifted its holdings in Progressive by 6,350.0% in the first quarter. Activest Wealth Management now owns 129 shares of the insurance provider's stock worth $37,000 after buying an additional 127 shares during the period. Westside Investment Management Inc. boosted its position in Progressive by 900.0% during the 2nd quarter. Westside Investment Management Inc. now owns 130 shares of the insurance provider's stock valued at $34,000 after acquiring an additional 117 shares in the last quarter. Finally, Accent Capital Management LLC bought a new stake in Progressive during the 1st quarter valued at approximately $39,000. 85.34% of the stock is currently owned by institutional investors.
Wall Street Analyst Weigh In
A number of research firms have recently commented on PGR. Keefe, Bruyette & Woods lowered their target price on Progressive from $262.00 to $246.00 and set a ""market perform"" rating for the company in a research note on Wednesday, November 5th. JPMorgan Chase & Co. increased their price target on shares of Progressive from $301.00 to $303.00 and gave the stock an ""overweight"" rating in a research note on Thursday, October 9th. Cantor Fitzgerald raised shares of Progressive to a ""hold"" rating in a research note on Wednesday, August 13th. Citigroup decreased their target price on shares of Progressive from $312.00 to $301.38 and set a ""buy"" rating for the company in a research note on Thursday, October 16th. Finally, Evercore ISI cut their price target on shares of Progressive from $275.00 to $273.00 and set an ""in-line"" rating on the stock in a report on Wednesday, October 1st. Seven analysts have rated the stock with a Buy rating, twelve have given a Hold rating and one has issued a Sell rating to the company's stock. According to data from MarketBeat.com, the company has a consensus rating of ""Hold"" and an average price target of $266.46.
Check Out Our Latest Stock Analysis on PGR
Progressive Stock Performance
NYSE PGR opened at $225.23 on Friday. The business has a 50-day moving average price of $231.02 and a 200-day moving average price of $250.41. The firm has a market cap of $132.08 billion, a price-to-earnings ratio of 12.36, a price-to-earnings-growth ratio of 1.19 and a beta of 0.29. The Progressive Corporation has a twelve month low of $199.90 and a twelve month high of $292.99. The company has a quick ratio of 0.31, a current ratio of 0.32 and a debt-to-equity ratio of 0.19.
Progressive (NYSE:PGR - Get Free Report) last issued its earnings results on Wednesday, October 15th. The insurance provider reported $4.45 earnings per share for the quarter, missing analysts' consensus estimates of $5.04 by ($0.59). The company had revenue of $21.38 billion for the quarter, compared to the consensus estimate of $21.64 billion. Progressive had a return on equity of 33.88% and a net margin of 12.57%.During the same quarter in the prior year, the company posted $3.58 EPS. As a group, equities research analysts predict that The Progressive Corporation will post 14.68 EPS for the current fiscal year.
Insider Activity
In other news, CEO Susan Patricia Griffith sold 30,659 shares of the company's stock in a transaction that occurred on Tuesday, September 2nd. The stock was sold at an average price of $246.06, for a total transaction of $7,543,953.54. Following the transaction, the chief executive officer owned 476,286 shares of the company's stock, valued at approximately $117,194,933.16. This represents a 6.05% decrease in their ownership of the stock. The transaction was disclosed in a filing with the SEC, which can be accessed through this link. Also, insider Steven Broz sold 1,345 shares of Progressive stock in a transaction dated Tuesday, November 11th. The shares were sold at an average price of $220.00, for a total transaction of $295,900.00. Following the sale, the insider owned 29,043 shares of the company's stock, valued at $6,389,460. The trade was a 4.43% decrease in their position. Additional details regarding this sale are available in the official SEC disclosure. Over the last 90 days, insiders have sold 51,782 shares of company stock valued at $12,708,788. 0.34% of the stock is currently owned by company insiders.
Progressive Profile
(
Free Report)
The Progressive Corporation, an insurance holding company, provides personal and commercial auto, personal residential and commercial property, business related general liability, and other specialty property-casualty insurance products and related services in the United States. It operates in three segments: Personal Lines, Commercial Lines, and Property.
Featured Articles
Want to see what other hedge funds are holding PGR? Visit HoldingsChannel.com to get the latest 13F filings and insider trades for The Progressive Corporation (NYSE:PGR - Free Report).
This instant news alert was generated by narrative science technology and financial data from MarketBeat in order to provide readers with the fastest reporting and unbiased coverage. Please send any questions or comments about this story to contact@marketbeat.com.
Before you consider Progressive, you'll want to hear this.
MarketBeat keeps track of Wall Street's top-rated and best performing research analysts and the stocks they recommend to their clients on a daily basis. MarketBeat has identified the five stocks that top analysts are quietly whispering to their clients to buy now before the broader market catches on... and Progressive wasn't on the list.
While Progressive currently has a Hold rating among analysts, top-rated analysts believe these five stocks are better buys.
View The Five Stocks Here
Explore Elon Musk’s boldest ventures yet—from AI and autonomy to space colonization—and find out how investors can ride the next wave of innovation.
Get This Free Report
Like this article? Share it with a colleague.
Link copied to clipboard.",null,null,null,null
PGR,Progressive Corporation,https://www.marketbeat.com/instant-alerts/filing-integrated-quantitative-investments-llc-makes-new-investment-in-the-progressive-corporation-pgr-2025-11-16/,Integrated Quantitative Investments LLC Makes New Investment in The Progressive Corporation $PGR,MarketBeat,2025-11-16,1015,"Integrated Quantitative Investments LLC acquired a new stake in The Progressive Corporation (NYSE:PGR - Free Report) during the second quarter, according to its most recent filing with the Securities & Exchange Commission. The firm acquired 3,696 shares of the insurance provider's stock, valued at approximately $986,000.
Other large investors have also added to or reduced their stakes in the company. Nuveen LLC acquired a new stake in Progressive in the 1st quarter valued at $1,473,180,000. GQG Partners LLC grew its holdings in shares of Progressive by 61.4% in the 1st quarter. GQG Partners LLC now owns 8,346,133 shares of the insurance provider's stock valued at $2,362,039,000 after acquiring an additional 3,174,632 shares in the last quarter. Alliancebernstein L.P. increased its position in shares of Progressive by 15.2% in the first quarter. Alliancebernstein L.P. now owns 8,263,157 shares of the insurance provider's stock valued at $2,338,556,000 after acquiring an additional 1,091,828 shares during the last quarter. Axiom Investors LLC DE bought a new stake in Progressive during the first quarter worth about $194,557,000. Finally, 1832 Asset Management L.P. boosted its position in Progressive by 123.1% during the first quarter. 1832 Asset Management L.P. now owns 1,160,302 shares of the insurance provider's stock valued at $328,377,000 after purchasing an additional 640,306 shares during the last quarter. Institutional investors and hedge funds own 85.34% of the company's stock.
Insider Transactions at Progressive
In related news, CEO Susan Patricia Griffith sold 30,659 shares of the business's stock in a transaction on Tuesday, September 2nd. The stock was sold at an average price of $246.06, for a total value of $7,543,953.54. Following the completion of the sale, the chief executive officer directly owned 476,286 shares in the company, valued at $117,194,933.16. The trade was a 6.05% decrease in their position. The transaction was disclosed in a document filed with the SEC, which is available through the SEC website. Also, insider John Jo Murphy sold 2,218 shares of the stock in a transaction on Friday, September 19th. The stock was sold at an average price of $242.10, for a total value of $536,977.80. Following the transaction, the insider owned 43,506 shares in the company, valued at $10,532,802.60. The trade was a 4.85% decrease in their position. The disclosure for this sale is available in the SEC filing. In the last 90 days, insiders sold 51,782 shares of company stock valued at $12,708,788. 0.34% of the stock is currently owned by company insiders.
Progressive Stock Performance
Shares of PGR stock opened at $225.23 on Friday. The Progressive Corporation has a 52 week low of $199.90 and a 52 week high of $292.99. The company has a market capitalization of $132.08 billion, a price-to-earnings ratio of 12.36, a PEG ratio of 1.19 and a beta of 0.29. The company has a 50-day simple moving average of $231.02 and a 200 day simple moving average of $250.41. The company has a debt-to-equity ratio of 0.19, a quick ratio of 0.31 and a current ratio of 0.32.
Progressive (NYSE:PGR - Get Free Report) last released its quarterly earnings results on Wednesday, October 15th. The insurance provider reported $4.45 earnings per share for the quarter, missing the consensus estimate of $5.04 by ($0.59). Progressive had a net margin of 12.57% and a return on equity of 33.88%. The company had revenue of $21.38 billion during the quarter, compared to the consensus estimate of $21.64 billion. During the same period in the prior year, the company earned $3.58 earnings per share. On average, sell-side analysts predict that The Progressive Corporation will post 14.68 earnings per share for the current year.
Wall Street Analysts Forecast Growth
Several research firms have weighed in on PGR. Cantor Fitzgerald raised Progressive to a ""hold"" rating in a research report on Wednesday, August 13th. Morgan Stanley set a $214.00 target price on shares of Progressive and gave the stock an ""underweight"" rating in a report on Monday, October 20th. Raymond James Financial dropped their price target on shares of Progressive from $305.00 to $265.00 and set an ""outperform"" rating on the stock in a research report on Friday, October 17th. Wolfe Research assumed coverage on shares of Progressive in a research report on Monday, September 15th. They issued a ""peer perform"" rating for the company. Finally, Evercore ISI lowered their price objective on shares of Progressive from $275.00 to $273.00 and set an ""in-line"" rating on the stock in a research note on Wednesday, October 1st. Seven research analysts have rated the stock with a Buy rating, twelve have given a Hold rating and one has assigned a Sell rating to the company. According to MarketBeat.com, the company presently has an average rating of ""Hold"" and an average price target of $266.46.
Read Our Latest Research Report on PGR
Progressive Profile
(
Free Report)
The Progressive Corporation, an insurance holding company, provides personal and commercial auto, personal residential and commercial property, business related general liability, and other specialty property-casualty insurance products and related services in the United States. It operates in three segments: Personal Lines, Commercial Lines, and Property.
Featured Stories
This instant news alert was generated by narrative science technology and financial data from MarketBeat in order to provide readers with the fastest reporting and unbiased coverage. Please send any questions or comments about this story to contact@marketbeat.com.
Before you consider Progressive, you'll want to hear this.
MarketBeat keeps track of Wall Street's top-rated and best performing research analysts and the stocks they recommend to their clients on a daily basis. MarketBeat has identified the five stocks that top analysts are quietly whispering to their clients to buy now before the broader market catches on... and Progressive wasn't on the list.
While Progressive currently has a Hold rating among analysts, top-rated analysts believe these five stocks are better buys.
View The Five Stocks Here
Wondering what the next stocks will be that hit it big, with solid fundamentals? Enter your email address to see which stocks MarketBeat analysts could become the next blockbuster growth stocks.
Get This Free Report
Like this article? Share it with a colleague.
Link copied to clipboard.",null,null,null,null
PGR,Progressive Corporation,https://www.marketbeat.com/instant-alerts/filing-massachusetts-financial-services-co-ma-has-344-billion-stock-position-in-the-progressive-corporation-pgr-2025-11-15/,Massachusetts Financial Services Co. MA Has $3.44 Billion Stock Position in The Progressive Corporation $PGR,MarketBeat,2025-11-15,1081,"Massachusetts Financial Services Co. MA decreased its position in shares of The Progressive Corporation (NYSE:PGR - Free Report) by 4.3% in the 2nd quarter, according to the company in its most recent 13F filing with the SEC. The fund owned 12,905,421 shares of the insurance provider's stock after selling 577,071 shares during the quarter. Progressive comprises approximately 1.1% of Massachusetts Financial Services Co. MA's investment portfolio, making the stock its 11th largest position. Massachusetts Financial Services Co. MA owned approximately 2.20% of Progressive worth $3,443,941,000 at the end of the most recent reporting period.
Other large investors also recently modified their holdings of the company. New York Life Investment Management LLC raised its stake in Progressive by 1.4% in the 2nd quarter. New York Life Investment Management LLC now owns 87,760 shares of the insurance provider's stock valued at $23,420,000 after acquiring an additional 1,192 shares during the period. Baron Silver Stevens Financial Advisors LLC bought a new stake in shares of Progressive in the second quarter valued at approximately $306,000. Wakefield Asset Management LLLP lifted its stake in shares of Progressive by 199.0% during the 2nd quarter. Wakefield Asset Management LLLP now owns 9,411 shares of the insurance provider's stock valued at $2,511,000 after buying an additional 6,263 shares in the last quarter. VIRGINIA RETIREMENT SYSTEMS ET Al bought a new position in Progressive in the 2nd quarter worth approximately $13,583,000. Finally, Whalen Wealth Management Inc. purchased a new position in Progressive in the 2nd quarter valued at approximately $647,000. 85.34% of the stock is currently owned by institutional investors and hedge funds.
Analysts Set New Price Targets
PGR has been the subject of a number of analyst reports. The Goldman Sachs Group cut their price target on Progressive from $276.00 to $245.00 and set a ""buy"" rating for the company in a report on Monday, October 27th. Morgan Stanley set a $214.00 price target on Progressive and gave the company an ""underweight"" rating in a research report on Monday, October 20th. Barclays cut their price objective on shares of Progressive from $271.00 to $257.00 and set an ""equal weight"" rating for the company in a research report on Monday, October 20th. Wall Street Zen lowered shares of Progressive from a ""buy"" rating to a ""hold"" rating in a report on Sunday, September 21st. Finally, BMO Capital Markets reissued a ""market perform"" rating on shares of Progressive in a report on Monday, November 3rd. Seven equities research analysts have rated the stock with a Buy rating, twelve have given a Hold rating and one has assigned a Sell rating to the stock. Based on data from MarketBeat.com, Progressive currently has an average rating of ""Hold"" and a consensus price target of $266.46.
Read Our Latest Stock Analysis on PGR
Insider Buying and Selling at Progressive
In related news, insider Patrick K. Callahan sold 6,420 shares of Progressive stock in a transaction on Friday, September 19th. The shares were sold at an average price of $242.22, for a total value of $1,555,052.40. Following the transaction, the insider owned 15,192 shares in the company, valued at $3,679,806.24. This trade represents a 29.71% decrease in their position. The sale was disclosed in a document filed with the Securities & Exchange Commission, which is available through the SEC website. Also, CEO Susan Patricia Griffith sold 30,659 shares of the company's stock in a transaction dated Tuesday, September 2nd. The shares were sold at an average price of $246.06, for a total transaction of $7,543,953.54. Following the sale, the chief executive officer owned 476,286 shares of the company's stock, valued at approximately $117,194,933.16. The trade was a 6.05% decrease in their ownership of the stock. The disclosure for this sale is available in the SEC filing. Insiders have sold 51,782 shares of company stock valued at $12,708,788 over the last ninety days. Insiders own 0.34% of the company's stock.
Progressive Stock Performance
NYSE PGR opened at $225.23 on Friday. The Progressive Corporation has a 52-week low of $199.90 and a 52-week high of $292.99. The company has a fifty day moving average of $231.02 and a 200-day moving average of $250.59. The company has a market capitalization of $132.08 billion, a P/E ratio of 12.36, a P/E/G ratio of 1.19 and a beta of 0.29. The company has a debt-to-equity ratio of 0.19, a quick ratio of 0.31 and a current ratio of 0.32.
Progressive (NYSE:PGR - Get Free Report) last released its quarterly earnings results on Wednesday, October 15th. The insurance provider reported $4.45 earnings per share for the quarter, missing analysts' consensus estimates of $5.04 by ($0.59). Progressive had a net margin of 12.57% and a return on equity of 33.88%. The firm had revenue of $21.38 billion for the quarter, compared to analysts' expectations of $21.64 billion. During the same quarter in the previous year, the business earned $3.58 EPS. As a group, equities research analysts predict that The Progressive Corporation will post 14.68 EPS for the current fiscal year.
Progressive Company Profile
(
Free Report)
The Progressive Corporation, an insurance holding company, provides personal and commercial auto, personal residential and commercial property, business related general liability, and other specialty property-casualty insurance products and related services in the United States. It operates in three segments: Personal Lines, Commercial Lines, and Property.
Featured Stories
Want to see what other hedge funds are holding PGR? Visit HoldingsChannel.com to get the latest 13F filings and insider trades for The Progressive Corporation (NYSE:PGR - Free Report).
This instant news alert was generated by narrative science technology and financial data from MarketBeat in order to provide readers with the fastest reporting and unbiased coverage. Please send any questions or comments about this story to contact@marketbeat.com.
Before you consider Progressive, you'll want to hear this.
MarketBeat keeps track of Wall Street's top-rated and best performing research analysts and the stocks they recommend to their clients on a daily basis. MarketBeat has identified the five stocks that top analysts are quietly whispering to their clients to buy now before the broader market catches on... and Progressive wasn't on the list.
While Progressive currently has a Hold rating among analysts, top-rated analysts believe these five stocks are better buys.
View The Five Stocks Here
Market downturns give many investors pause, and for good reason. Wondering how to offset this risk? Enter your email address to learn more about using beta to protect your portfolio.
Get This Free Report
Like this article? Share it with a colleague.
Link copied to clipboard.",null,null,null,null
PGR,Progressive Corporation,https://www.marketbeat.com/instant-alerts/filing-empower-advisory-group-llc-boosts-stake-in-the-progressive-corporation-pgr-2025-11-15/,Empower Advisory Group LLC Boosts Stake in The Progressive Corporation $PGR,MarketBeat,2025-11-15,1077,"Empower Advisory Group LLC raised its position in The Progressive Corporation (NYSE:PGR - Free Report) by 8.4% during the second quarter, according to the company in its most recent 13F filing with the Securities and Exchange Commission (SEC). The firm owned 294,627 shares of the insurance provider's stock after purchasing an additional 22,771 shares during the quarter. Empower Advisory Group LLC owned 0.05% of Progressive worth $78,624,000 at the end of the most recent quarter.
A number of other institutional investors have also modified their holdings of PGR. Atlantic Union Bankshares Corp acquired a new stake in Progressive during the 2nd quarter worth approximately $33,000. Ransom Advisory Ltd purchased a new stake in Progressive during the first quarter worth approximately $35,000. Activest Wealth Management increased its position in shares of Progressive by 6,350.0% in the first quarter. Activest Wealth Management now owns 129 shares of the insurance provider's stock worth $37,000 after acquiring an additional 127 shares in the last quarter. Westside Investment Management Inc. raised its stake in shares of Progressive by 900.0% in the 2nd quarter. Westside Investment Management Inc. now owns 130 shares of the insurance provider's stock valued at $34,000 after acquiring an additional 117 shares during the period. Finally, Accent Capital Management LLC purchased a new position in shares of Progressive in the 1st quarter valued at $39,000. Hedge funds and other institutional investors own 85.34% of the company's stock.
Insider Activity at Progressive
In other news, insider Patrick K. Callahan sold 6,420 shares of the company's stock in a transaction dated Friday, September 19th. The shares were sold at an average price of $242.22, for a total value of $1,555,052.40. Following the sale, the insider owned 15,192 shares in the company, valued at approximately $3,679,806.24. This represents a 29.71% decrease in their position. The sale was disclosed in a document filed with the SEC, which can be accessed through this hyperlink. Also, insider John Jo Murphy sold 2,218 shares of Progressive stock in a transaction dated Friday, September 19th. The stock was sold at an average price of $242.10, for a total value of $536,977.80. Following the completion of the transaction, the insider owned 43,506 shares of the company's stock, valued at $10,532,802.60. This trade represents a 4.85% decrease in their ownership of the stock. The disclosure for this sale is available in the SEC filing. Over the last three months, insiders sold 51,782 shares of company stock valued at $12,708,788. Insiders own 0.33% of the company's stock.
Wall Street Analysts Forecast Growth
A number of analysts recently weighed in on PGR shares. Evercore ISI decreased their price target on shares of Progressive from $275.00 to $273.00 and set an ""in-line"" rating for the company in a research report on Wednesday, October 1st. Citigroup decreased their target price on Progressive from $312.00 to $301.38 and set a ""buy"" rating for the company in a research report on Thursday, October 16th. UBS Group dropped their target price on Progressive from $268.00 to $261.00 and set a ""neutral"" rating on the stock in a report on Wednesday, October 8th. Wells Fargo & Company reduced their price target on Progressive from $266.00 to $246.00 and set an ""equal weight"" rating on the stock in a research report on Thursday, October 16th. Finally, Raymond James Financial lowered their price objective on shares of Progressive from $305.00 to $265.00 and set an ""outperform"" rating for the company in a research report on Friday, October 17th. Seven investment analysts have rated the stock with a Buy rating, twelve have issued a Hold rating and one has given a Sell rating to the company. Based on data from MarketBeat.com, the company currently has an average rating of ""Hold"" and a consensus target price of $266.46.
Get Our Latest Report on Progressive
Progressive Price Performance
Shares of NYSE PGR opened at $225.23 on Friday. The Progressive Corporation has a fifty-two week low of $199.90 and a fifty-two week high of $292.99. The business has a 50 day moving average price of $231.02 and a two-hundred day moving average price of $250.59. The company has a quick ratio of 0.31, a current ratio of 0.32 and a debt-to-equity ratio of 0.19. The firm has a market cap of $132.08 billion, a PE ratio of 12.36, a price-to-earnings-growth ratio of 1.19 and a beta of 0.29.
Progressive (NYSE:PGR - Get Free Report) last announced its earnings results on Wednesday, October 15th. The insurance provider reported $4.45 earnings per share (EPS) for the quarter, missing analysts' consensus estimates of $5.04 by ($0.59). The business had revenue of $21.38 billion during the quarter, compared to analyst estimates of $21.64 billion. Progressive had a net margin of 12.57% and a return on equity of 33.88%. During the same period in the previous year, the company earned $3.58 earnings per share. Sell-side analysts expect that The Progressive Corporation will post 14.68 earnings per share for the current fiscal year.
About Progressive
(
Free Report)
The Progressive Corporation, an insurance holding company, provides personal and commercial auto, personal residential and commercial property, business related general liability, and other specialty property-casualty insurance products and related services in the United States. It operates in three segments: Personal Lines, Commercial Lines, and Property.
Featured Stories
This instant news alert was generated by narrative science technology and financial data from MarketBeat in order to provide readers with the fastest reporting and unbiased coverage. Please send any questions or comments about this story to contact@marketbeat.com.
Before you consider Progressive, you'll want to hear this.
MarketBeat keeps track of Wall Street's top-rated and best performing research analysts and the stocks they recommend to their clients on a daily basis. MarketBeat has identified the five stocks that top analysts are quietly whispering to their clients to buy now before the broader market catches on... and Progressive wasn't on the list.
While Progressive currently has a Hold rating among analysts, top-rated analysts believe these five stocks are better buys.
View The Five Stocks Here
Nuclear energy stocks are roaring. It's the hottest energy sector of the year. Cameco Corp, Paladin Energy, and BWX Technologies were all up more than 40% in 2024. The biggest market moves could still be ahead of us, and there are seven nuclear energy stocks that could rise much higher in the next several months. To unlock these tickers, enter your email address below.
Get This Free Report
Like this article? Share it with a colleague.
Link copied to clipboard.",null,null,null,null
PGR,Progressive Corporation,https://www.marketbeat.com/instant-alerts/filing-pinnbrook-capital-management-lp-purchases-40953-shares-of-the-progressive-corporation-pgr-2025-11-15/,"Pinnbrook Capital Management LP Purchases 40,953 Shares of The Progressive Corporation $PGR",MarketBeat,2025-11-15,1050,"Pinnbrook Capital Management LP lifted its position in The Progressive Corporation (NYSE:PGR - Free Report) by 330.9% during the 2nd quarter, according to the company in its most recent Form 13F filing with the SEC. The institutional investor owned 53,331 shares of the insurance provider's stock after buying an additional 40,953 shares during the period. Progressive comprises 1.6% of Pinnbrook Capital Management LP's portfolio, making the stock its 18th largest holding. Pinnbrook Capital Management LP's holdings in Progressive were worth $14,232,000 at the end of the most recent reporting period.
Other institutional investors have also recently made changes to their positions in the company. Atlantic Union Bankshares Corp bought a new position in Progressive in the 2nd quarter valued at approximately $33,000. Ransom Advisory Ltd bought a new stake in shares of Progressive in the 1st quarter worth $35,000. Activest Wealth Management raised its stake in shares of Progressive by 6,350.0% in the first quarter. Activest Wealth Management now owns 129 shares of the insurance provider's stock worth $37,000 after purchasing an additional 127 shares during the last quarter. Westside Investment Management Inc. lifted its holdings in shares of Progressive by 900.0% during the second quarter. Westside Investment Management Inc. now owns 130 shares of the insurance provider's stock valued at $34,000 after purchasing an additional 117 shares in the last quarter. Finally, Accent Capital Management LLC purchased a new stake in shares of Progressive during the first quarter valued at $39,000. Hedge funds and other institutional investors own 85.34% of the company's stock.
Analysts Set New Price Targets
A number of equities analysts have weighed in on PGR shares. Raymond James Financial decreased their target price on Progressive from $305.00 to $265.00 and set an ""outperform"" rating for the company in a research report on Friday, October 17th. JPMorgan Chase & Co. increased their price objective on shares of Progressive from $301.00 to $303.00 and gave the company an ""overweight"" rating in a research report on Thursday, October 9th. Cantor Fitzgerald raised shares of Progressive to a ""hold"" rating in a research report on Wednesday, August 13th. Morgan Stanley set a $214.00 target price on shares of Progressive and gave the company an ""underweight"" rating in a research note on Monday, October 20th. Finally, Evercore ISI dropped their price target on Progressive from $275.00 to $273.00 and set an ""in-line"" rating on the stock in a research note on Wednesday, October 1st. Seven investment analysts have rated the stock with a Buy rating, twelve have issued a Hold rating and one has assigned a Sell rating to the company. Based on data from MarketBeat.com, the company presently has an average rating of ""Hold"" and an average price target of $266.46.
View Our Latest Report on Progressive
Progressive Price Performance
Shares of NYSE:PGR opened at $225.23 on Friday. The company has a market capitalization of $132.08 billion, a P/E ratio of 12.36, a P/E/G ratio of 1.19 and a beta of 0.29. The Progressive Corporation has a 1-year low of $199.90 and a 1-year high of $292.99. The firm's 50 day simple moving average is $231.02 and its two-hundred day simple moving average is $250.59. The company has a debt-to-equity ratio of 0.19, a current ratio of 0.32 and a quick ratio of 0.31.
Progressive (NYSE:PGR - Get Free Report) last announced its quarterly earnings data on Wednesday, October 15th. The insurance provider reported $4.45 earnings per share (EPS) for the quarter, missing analysts' consensus estimates of $5.04 by ($0.59). Progressive had a return on equity of 33.88% and a net margin of 12.57%.The firm had revenue of $21.38 billion during the quarter, compared to analysts' expectations of $21.64 billion. During the same period last year, the company earned $3.58 earnings per share. Research analysts expect that The Progressive Corporation will post 14.68 EPS for the current fiscal year.
Insider Activity at Progressive
In related news, insider Patrick K. Callahan sold 6,420 shares of the firm's stock in a transaction on Friday, September 19th. The shares were sold at an average price of $242.22, for a total transaction of $1,555,052.40. Following the completion of the transaction, the insider directly owned 15,192 shares of the company's stock, valued at approximately $3,679,806.24. This trade represents a 29.71% decrease in their ownership of the stock. The transaction was disclosed in a legal filing with the SEC, which is accessible through this link. Also, insider Steven Broz sold 1,345 shares of Progressive stock in a transaction on Tuesday, November 11th. The shares were sold at an average price of $220.00, for a total transaction of $295,900.00. Following the completion of the sale, the insider owned 29,043 shares in the company, valued at approximately $6,389,460. This represents a 4.43% decrease in their ownership of the stock. The disclosure for this sale is available in the SEC filing. Insiders have sold a total of 51,782 shares of company stock worth $12,708,788 in the last three months. Insiders own 0.34% of the company's stock.
About Progressive
(
Free Report)
The Progressive Corporation, an insurance holding company, provides personal and commercial auto, personal residential and commercial property, business related general liability, and other specialty property-casualty insurance products and related services in the United States. It operates in three segments: Personal Lines, Commercial Lines, and Property.
Featured Articles
This instant news alert was generated by narrative science technology and financial data from MarketBeat in order to provide readers with the fastest reporting and unbiased coverage. Please send any questions or comments about this story to contact@marketbeat.com.
Before you consider Progressive, you'll want to hear this.
MarketBeat keeps track of Wall Street's top-rated and best performing research analysts and the stocks they recommend to their clients on a daily basis. MarketBeat has identified the five stocks that top analysts are quietly whispering to their clients to buy now before the broader market catches on... and Progressive wasn't on the list.
While Progressive currently has a Hold rating among analysts, top-rated analysts believe these five stocks are better buys.
View The Five Stocks Here
Looking for the next FAANG stock before everyone has heard about it? Enter your email address to see which stocks MarketBeat analysts think might become the next trillion dollar tech company.
Get This Free Report
Like this article? Share it with a colleague.
Link copied to clipboard.",null,null,null,null
PGR,Progressive Corporation,https://www.marketbeat.com/instant-alerts/filing-capco-asset-management-llc-reduces-position-in-the-progressive-corporation-pgr-2025-11-15/,Capco Asset Management LLC Reduces Position in The Progressive Corporation $PGR,MarketBeat,2025-11-15,1356,"Capco Asset Management LLC lessened its position in The Progressive Corporation (NYSE:PGR - Free Report) by 20.5% during the second quarter, according to its most recent 13F filing with the SEC. The institutional investor owned 201,074 shares of the insurance provider's stock after selling 51,703 shares during the period. Progressive makes up 11.3% of Capco Asset Management LLC's holdings, making the stock its 3rd largest position. Capco Asset Management LLC's holdings in Progressive were worth $53,659,000 at the end of the most recent quarter.
Other institutional investors and hedge funds have also added to or reduced their stakes in the company. Rise Advisors LLC lifted its position in shares of Progressive by 7.4% during the 1st quarter. Rise Advisors LLC now owns 521 shares of the insurance provider's stock valued at $147,000 after acquiring an additional 36 shares during the last quarter. Pinnacle Wealth Management Advisory Group LLC lifted its stake in Progressive by 2.1% in the 1st quarter. Pinnacle Wealth Management Advisory Group LLC now owns 1,927 shares of the insurance provider's stock worth $545,000 after acquiring an additional 39 shares in the last quarter. LRI Investments LLC boosted its holdings in shares of Progressive by 13.4% during the second quarter. LRI Investments LLC now owns 338 shares of the insurance provider's stock worth $90,000 after purchasing an additional 40 shares during the period. True North Advisors LLC boosted its stake in shares of Progressive by 4.0% during the 1st quarter. True North Advisors LLC now owns 1,055 shares of the insurance provider's stock valued at $299,000 after buying an additional 41 shares during the period. Finally, Prosperity Consulting Group LLC boosted its position in Progressive by 1.1% during the first quarter. Prosperity Consulting Group LLC now owns 3,824 shares of the insurance provider's stock valued at $1,082,000 after purchasing an additional 42 shares during the last quarter. 85.34% of the stock is owned by institutional investors and hedge funds.
Progressive Price Performance
Shares of PGR stock opened at $225.23 on Friday. The firm has a market capitalization of $132.08 billion, a price-to-earnings ratio of 12.36, a PEG ratio of 1.19 and a beta of 0.29. The company has a current ratio of 0.32, a quick ratio of 0.31 and a debt-to-equity ratio of 0.19. The firm's 50 day moving average is $231.02 and its 200-day moving average is $250.59. The Progressive Corporation has a 1 year low of $199.90 and a 1 year high of $292.99.
Progressive (NYSE:PGR - Get Free Report) last released its earnings results on Wednesday, October 15th. The insurance provider reported $4.45 EPS for the quarter, missing the consensus estimate of $5.04 by ($0.59). The firm had revenue of $21.38 billion during the quarter, compared to analyst estimates of $21.64 billion. Progressive had a net margin of 12.57% and a return on equity of 33.88%. During the same period last year, the business posted $3.58 earnings per share. Sell-side analysts forecast that The Progressive Corporation will post 14.68 EPS for the current fiscal year.
Analyst Upgrades and Downgrades
A number of analysts have issued reports on the stock. BMO Capital Markets reiterated a ""market perform"" rating on shares of Progressive in a research note on Monday, November 3rd. Zacks Research lowered Progressive from a ""strong-buy"" rating to a ""hold"" rating in a report on Friday, October 10th. Citigroup dropped their price objective on shares of Progressive from $312.00 to $301.38 and set a ""buy"" rating on the stock in a report on Thursday, October 16th. The Goldman Sachs Group cut their target price on Progressive from $276.00 to $245.00 and set a ""buy"" rating for the company in a research note on Monday, October 27th. Finally, Weiss Ratings restated a ""buy (b-)"" rating on shares of Progressive in a research note on Friday, October 31st. Seven analysts have rated the stock with a Buy rating, twelve have assigned a Hold rating and one has issued a Sell rating to the stock. According to data from MarketBeat, Progressive presently has an average rating of ""Hold"" and a consensus price target of $266.46.
Check Out Our Latest Analysis on PGR
Insider Buying and Selling at Progressive
In other Progressive news, CEO Susan Patricia Griffith sold 30,659 shares of Progressive stock in a transaction on Tuesday, September 2nd. The shares were sold at an average price of $246.06, for a total transaction of $7,543,953.54. Following the completion of the sale, the chief executive officer owned 476,286 shares of the company's stock, valued at approximately $117,194,933.16. The trade was a 6.05% decrease in their position. The transaction was disclosed in a legal filing with the Securities & Exchange Commission, which is accessible through the SEC website. Also, insider Steven Broz sold 1,345 shares of Progressive stock in a transaction on Tuesday, November 11th. The stock was sold at an average price of $220.00, for a total value of $295,900.00. Following the sale, the insider directly owned 29,043 shares of the company's stock, valued at approximately $6,389,460. This trade represents a 4.43% decrease in their ownership of the stock. The disclosure for this sale is available in the SEC filing. Insiders sold a total of 51,782 shares of company stock valued at $12,708,788 in the last three months. Insiders own 0.33% of the company's stock.
Progressive Profile
(
Free Report)
The Progressive Corporation, an insurance holding company, provides personal and commercial auto, personal residential and commercial property, business related general liability, and other specialty property-casualty insurance products and related services in the United States. It operates in three segments: Personal Lines, Commercial Lines, and Property.
Recommended Stories
Want to see what other hedge funds are holding PGR? Visit HoldingsChannel.com to get the latest 13F filings and insider trades for The Progressive Corporation (NYSE:PGR - Free Report).
This instant news alert was generated by narrative science technology and financial data from MarketBeat in order to provide readers with the fastest reporting and unbiased coverage. Please send any questions or comments about this story to contact@marketbeat.com.
Before you consider Progressive, you'll want to hear this.
MarketBeat keeps track of Wall Street's top-rated and best performing research analysts and the stocks they recommend to their clients on a daily basis. MarketBeat has identified the five stocks that top analysts are quietly whispering to their clients to buy now before the broader market catches on... and Progressive wasn't on the list.
While Progressive currently has a Hold rating among analysts, top-rated analysts believe these five stocks are better buys.
View The Five Stocks Here
We are about to experience the greatest A.I. boom in stock market history...
Thanks to a pivotal economic catalyst, specific tech stocks will skyrocket just like they did during the ""dot com"" boom in the 1990s.
That’s why, we’ve hand-selected 7 tiny tech disruptor stocks positioned to surge.
- The first pick is a tiny under-the-radar A.I. stock that's trading for just $3.00. This company already has 98 registered patents for cutting-edge voice and sound recognition technology... And has lined up major partnerships with some of the biggest names in the auto, tech, and music industry... plus many more.
- The second pick presents an affordable avenue to bolster EVs and AI development…. Analysts are calling this stock a “buy” right now and predict a high price target of $19.20, substantially more than its current $6 trading price.
- Our final and favorite pick is generating a brand-new kind of AI. It's believed this tech will be bigger than the current well-known leader in this industry… Analysts predict this innovative tech is gearing up to create a tidal wave of new wealth, fueling a $15.7 TRILLION market boom.
Right now, we’re staring down the barrel of a true once-in-a-lifetime moment. As an investment opportunity, this kind of breakthrough doesn't come along every day.
And the window to get in on the ground-floor — maximizing profit potential from this expected market surge — is closing quickly...
Simply enter your email below to get the names and tickers of the 7 small stocks with potential to make investors very, very happy.
Get This Free Report
Like this article? Share it with a colleague.
Link copied to clipboard.",null,null,null,null
PGR,Progressive Corporation,https://www.marketbeat.com/instant-alerts/filing-the-progressive-corporation-pgr-stock-holdings-lowered-by-woodley-farra-manion-portfolio-management-inc-2025-11-15/,The Progressive Corporation $PGR Stock Holdings Lowered by Woodley Farra Manion Portfolio Management Inc.,MarketBeat,2025-11-15,1061,"Woodley Farra Manion Portfolio Management Inc. lessened its stake in The Progressive Corporation (NYSE:PGR - Free Report) by 13.1% in the second quarter, according to the company in its most recent 13F filing with the Securities & Exchange Commission. The firm owned 317,965 shares of the insurance provider's stock after selling 47,726 shares during the quarter. Progressive comprises about 4.0% of Woodley Farra Manion Portfolio Management Inc.'s holdings, making the stock its 7th largest holding. Woodley Farra Manion Portfolio Management Inc. owned approximately 0.05% of Progressive worth $84,852,000 at the end of the most recent reporting period.
Several other large investors also recently bought and sold shares of the company. New York Life Investment Management LLC grew its holdings in Progressive by 1.4% during the 2nd quarter. New York Life Investment Management LLC now owns 87,760 shares of the insurance provider's stock valued at $23,420,000 after purchasing an additional 1,192 shares in the last quarter. Baron Silver Stevens Financial Advisors LLC purchased a new position in Progressive in the 2nd quarter valued at about $306,000. Wakefield Asset Management LLLP grew its stake in shares of Progressive by 199.0% during the second quarter. Wakefield Asset Management LLLP now owns 9,411 shares of the insurance provider's stock valued at $2,511,000 after acquiring an additional 6,263 shares in the last quarter. VIRGINIA RETIREMENT SYSTEMS ET Al acquired a new stake in shares of Progressive during the second quarter valued at about $13,583,000. Finally, Whalen Wealth Management Inc. purchased a new stake in shares of Progressive during the second quarter worth about $647,000. Institutional investors and hedge funds own 85.34% of the company's stock.
Analysts Set New Price Targets
A number of brokerages recently commented on PGR. Wells Fargo & Company reduced their price target on Progressive from $266.00 to $246.00 and set an ""equal weight"" rating for the company in a report on Thursday, October 16th. Zacks Research lowered Progressive from a ""strong-buy"" rating to a ""hold"" rating in a research report on Friday, October 10th. Barclays decreased their price target on shares of Progressive from $271.00 to $257.00 and set an ""equal weight"" rating for the company in a research report on Monday, October 20th. Morgan Stanley set a $214.00 price target on shares of Progressive and gave the stock an ""underweight"" rating in a research note on Monday, October 20th. Finally, Evercore ISI reduced their price objective on shares of Progressive from $275.00 to $273.00 and set an ""in-line"" rating on the stock in a research note on Wednesday, October 1st. Seven research analysts have rated the stock with a Buy rating, twelve have issued a Hold rating and one has given a Sell rating to the stock. According to data from MarketBeat.com, Progressive presently has a consensus rating of ""Hold"" and an average price target of $266.46.
Read Our Latest Report on PGR
Insider Buying and Selling
In other Progressive news, insider John Jo Murphy sold 2,218 shares of the stock in a transaction on Friday, August 22nd. The stock was sold at an average price of $250.78, for a total value of $556,230.04. Following the sale, the insider directly owned 45,724 shares of the company's stock, valued at $11,466,664.72. This trade represents a 4.63% decrease in their ownership of the stock. The sale was disclosed in a filing with the Securities & Exchange Commission, which is available at this link. Also, insider Steven Broz sold 1,345 shares of the business's stock in a transaction on Tuesday, November 11th. The shares were sold at an average price of $220.00, for a total transaction of $295,900.00. Following the transaction, the insider directly owned 29,043 shares of the company's stock, valued at approximately $6,389,460. This trade represents a 4.43% decrease in their position. Additional details regarding this sale are available in the official SEC disclosure. Insiders sold a total of 51,782 shares of company stock valued at $12,708,788 over the last three months. 0.34% of the stock is owned by company insiders.
Progressive Stock Up 0.9%
Shares of NYSE:PGR opened at $225.23 on Friday. The company's fifty day moving average is $231.02 and its two-hundred day moving average is $250.59. The company has a debt-to-equity ratio of 0.19, a quick ratio of 0.31 and a current ratio of 0.32. The Progressive Corporation has a 1-year low of $199.90 and a 1-year high of $292.99. The stock has a market capitalization of $132.08 billion, a price-to-earnings ratio of 12.36, a price-to-earnings-growth ratio of 1.19 and a beta of 0.29.
Progressive (NYSE:PGR - Get Free Report) last issued its earnings results on Wednesday, October 15th. The insurance provider reported $4.45 earnings per share (EPS) for the quarter, missing analysts' consensus estimates of $5.04 by ($0.59). Progressive had a return on equity of 33.88% and a net margin of 12.57%.The business had revenue of $21.38 billion during the quarter, compared to the consensus estimate of $21.64 billion. During the same period in the prior year, the business earned $3.58 EPS. Equities analysts anticipate that The Progressive Corporation will post 14.68 EPS for the current year.
Progressive Company Profile
(
Free Report)
The Progressive Corporation, an insurance holding company, provides personal and commercial auto, personal residential and commercial property, business related general liability, and other specialty property-casualty insurance products and related services in the United States. It operates in three segments: Personal Lines, Commercial Lines, and Property.
See Also
This instant news alert was generated by narrative science technology and financial data from MarketBeat in order to provide readers with the fastest reporting and unbiased coverage. Please send any questions or comments about this story to contact@marketbeat.com.
Before you consider Progressive, you'll want to hear this.
MarketBeat keeps track of Wall Street's top-rated and best performing research analysts and the stocks they recommend to their clients on a daily basis. MarketBeat has identified the five stocks that top analysts are quietly whispering to their clients to buy now before the broader market catches on... and Progressive wasn't on the list.
While Progressive currently has a Hold rating among analysts, top-rated analysts believe these five stocks are better buys.
View The Five Stocks Here
Wondering where to start (or end) with AI stocks? These 10 simple stocks can help investors build long-term wealth as artificial intelligence continues to grow into the future.
Get This Free Report
Like this article? Share it with a colleague.
Link copied to clipboard.",null,null,null,null
PGR,Progressive Corporation,https://www.marketbeat.com/instant-alerts/filing-westwood-holdings-group-inc-increases-stake-in-the-progressive-corporation-pgr-2025-11-15/,Westwood Holdings Group Inc. Increases Stake in The Progressive Corporation $PGR,MarketBeat,2025-11-15,1097,"Westwood Holdings Group Inc. grew its holdings in shares of The Progressive Corporation (NYSE:PGR - Free Report) by 14.2% in the second quarter, according to its most recent disclosure with the Securities & Exchange Commission. The firm owned 314,738 shares of the insurance provider's stock after purchasing an additional 39,203 shares during the quarter. Westwood Holdings Group Inc. owned about 0.05% of Progressive worth $83,991,000 at the end of the most recent reporting period.
A number of other hedge funds have also bought and sold shares of the business. New York Life Investment Management LLC grew its holdings in Progressive by 1.4% in the 2nd quarter. New York Life Investment Management LLC now owns 87,760 shares of the insurance provider's stock worth $23,420,000 after acquiring an additional 1,192 shares during the last quarter. Baron Silver Stevens Financial Advisors LLC purchased a new stake in Progressive in the 2nd quarter worth approximately $306,000. Wakefield Asset Management LLLP grew its position in shares of Progressive by 199.0% in the 2nd quarter. Wakefield Asset Management LLLP now owns 9,411 shares of the insurance provider's stock worth $2,511,000 after buying an additional 6,263 shares during the last quarter. VIRGINIA RETIREMENT SYSTEMS ET Al purchased a new position in shares of Progressive during the second quarter valued at approximately $13,583,000. Finally, Whalen Wealth Management Inc. purchased a new stake in Progressive in the second quarter worth $647,000. 85.34% of the stock is currently owned by hedge funds and other institutional investors.
Progressive Stock Performance
PGR stock opened at $225.23 on Friday. The company has a debt-to-equity ratio of 0.19, a current ratio of 0.32 and a quick ratio of 0.31. The Progressive Corporation has a 1 year low of $199.90 and a 1 year high of $292.99. The company has a market cap of $132.08 billion, a P/E ratio of 12.36, a price-to-earnings-growth ratio of 1.19 and a beta of 0.29. The stock's fifty day moving average price is $231.02 and its 200-day moving average price is $250.59.
Progressive (NYSE:PGR - Get Free Report) last posted its earnings results on Wednesday, October 15th. The insurance provider reported $4.45 earnings per share for the quarter, missing analysts' consensus estimates of $5.04 by ($0.59). Progressive had a net margin of 12.57% and a return on equity of 33.88%. The firm had revenue of $21.38 billion during the quarter, compared to the consensus estimate of $21.64 billion. During the same period in the prior year, the company posted $3.58 EPS. On average, equities analysts forecast that The Progressive Corporation will post 14.68 earnings per share for the current year.
Insider Buying and Selling at Progressive
In other news, CEO Susan Patricia Griffith sold 30,659 shares of the stock in a transaction on Tuesday, September 2nd. The shares were sold at an average price of $246.06, for a total value of $7,543,953.54. Following the completion of the sale, the chief executive officer directly owned 476,286 shares of the company's stock, valued at $117,194,933.16. This represents a 6.05% decrease in their ownership of the stock. The sale was disclosed in a document filed with the SEC, which is available at this hyperlink. Also, insider Steven Broz sold 1,345 shares of the company's stock in a transaction on Tuesday, November 11th. The stock was sold at an average price of $220.00, for a total transaction of $295,900.00. Following the completion of the transaction, the insider directly owned 29,043 shares of the company's stock, valued at $6,389,460. This represents a 4.43% decrease in their position. Additional details regarding this sale are available in the official SEC disclosure. Insiders sold a total of 51,782 shares of company stock valued at $12,708,788 in the last ninety days. Corporate insiders own 0.34% of the company's stock.
Wall Street Analysts Forecast Growth
Several research analysts have commented on the stock. Zacks Research lowered shares of Progressive from a ""strong-buy"" rating to a ""hold"" rating in a report on Friday, October 10th. JPMorgan Chase & Co. lifted their price objective on Progressive from $301.00 to $303.00 and gave the company an ""overweight"" rating in a research report on Thursday, October 9th. Citigroup lowered their target price on Progressive from $312.00 to $301.38 and set a ""buy"" rating for the company in a research note on Thursday, October 16th. UBS Group reduced their price target on Progressive from $268.00 to $261.00 and set a ""neutral"" rating on the stock in a research note on Wednesday, October 8th. Finally, Bank of America boosted their target price on shares of Progressive from $350.00 to $351.00 and gave the company a ""buy"" rating in a report on Thursday, October 16th. Seven analysts have rated the stock with a Buy rating, twelve have given a Hold rating and one has issued a Sell rating to the stock. Based on data from MarketBeat.com, Progressive has a consensus rating of ""Hold"" and a consensus target price of $266.46.
Check Out Our Latest Report on PGR
Progressive Company Profile
(
Free Report)
The Progressive Corporation, an insurance holding company, provides personal and commercial auto, personal residential and commercial property, business related general liability, and other specialty property-casualty insurance products and related services in the United States. It operates in three segments: Personal Lines, Commercial Lines, and Property.
Further Reading
Want to see what other hedge funds are holding PGR? Visit HoldingsChannel.com to get the latest 13F filings and insider trades for The Progressive Corporation (NYSE:PGR - Free Report).
This instant news alert was generated by narrative science technology and financial data from MarketBeat in order to provide readers with the fastest reporting and unbiased coverage. Please send any questions or comments about this story to contact@marketbeat.com.
Before you consider Progressive, you'll want to hear this.
MarketBeat keeps track of Wall Street's top-rated and best performing research analysts and the stocks they recommend to their clients on a daily basis. MarketBeat has identified the five stocks that top analysts are quietly whispering to their clients to buy now before the broader market catches on... and Progressive wasn't on the list.
While Progressive currently has a Hold rating among analysts, top-rated analysts believe these five stocks are better buys.
View The Five Stocks Here
Unlock the timeless value of gold with our exclusive 2026 Gold Forecasting Report. Explore why gold remains the ultimate investment for safeguarding wealth against inflation, economic shifts, and global uncertainties. Whether you're planning for future generations or seeking a reliable asset in turbulent times, this report is your essential guide to making informed decisions.
Get This Free Report
Like this article? Share it with a colleague.
Link copied to clipboard.",null,null,null,null
PGR,Progressive Corporation,https://www.marketbeat.com/instant-alerts/filing-abn-amro-investment-solutions-acquires-shares-of-7354-the-progressive-corporation-pgr-2025-11-15/,"ABN Amro Investment Solutions Acquires Shares of 7,354 The Progressive Corporation $PGR",MarketBeat,2025-11-15,1060,"ABN Amro Investment Solutions bought a new position in The Progressive Corporation (NYSE:PGR - Free Report) during the second quarter, according to its most recent 13F filing with the SEC. The institutional investor bought 7,354 shares of the insurance provider's stock, valued at approximately $1,962,000.
Several other institutional investors and hedge funds have also recently modified their holdings of the stock. Impax Asset Management Group plc boosted its holdings in shares of Progressive by 77.7% in the second quarter. Impax Asset Management Group plc now owns 237,624 shares of the insurance provider's stock valued at $63,412,000 after purchasing an additional 103,871 shares during the period. Kaizen Financial Strategies raised its position in Progressive by 53.8% during the 2nd quarter. Kaizen Financial Strategies now owns 2,544 shares of the insurance provider's stock valued at $679,000 after purchasing an additional 890 shares in the last quarter. Calamos Advisors LLC purchased a new stake in shares of Progressive in the 2nd quarter worth $9,369,000. Police & Firemen s Retirement System of New Jersey lifted its holdings in shares of Progressive by 4.5% in the 2nd quarter. Police & Firemen s Retirement System of New Jersey now owns 88,924 shares of the insurance provider's stock worth $23,730,000 after buying an additional 3,816 shares during the period. Finally, Symphony Financial Services Inc. grew its position in shares of Progressive by 6.1% during the 2nd quarter. Symphony Financial Services Inc. now owns 2,871 shares of the insurance provider's stock worth $766,000 after buying an additional 165 shares in the last quarter. Institutional investors own 85.34% of the company's stock.
Progressive Trading Up 0.9%
Shares of NYSE:PGR opened at $225.23 on Friday. The business's 50-day moving average is $231.02 and its 200 day moving average is $250.59. The company has a debt-to-equity ratio of 0.19, a current ratio of 0.32 and a quick ratio of 0.31. The Progressive Corporation has a 1 year low of $199.90 and a 1 year high of $292.99. The firm has a market capitalization of $132.08 billion, a P/E ratio of 12.36, a P/E/G ratio of 1.19 and a beta of 0.29.
Progressive (NYSE:PGR - Get Free Report) last issued its quarterly earnings results on Wednesday, October 15th. The insurance provider reported $4.45 earnings per share for the quarter, missing analysts' consensus estimates of $5.04 by ($0.59). Progressive had a return on equity of 33.88% and a net margin of 12.57%.The business had revenue of $21.38 billion for the quarter, compared to analysts' expectations of $21.64 billion. During the same quarter in the previous year, the firm posted $3.58 EPS. On average, research analysts predict that The Progressive Corporation will post 14.68 earnings per share for the current fiscal year.
Analyst Upgrades and Downgrades
Several research firms recently weighed in on PGR. Barclays decreased their price objective on Progressive from $271.00 to $257.00 and set an ""equal weight"" rating for the company in a report on Monday, October 20th. Cantor Fitzgerald raised shares of Progressive to a ""hold"" rating in a research report on Wednesday, August 13th. Weiss Ratings reaffirmed a ""buy (b-)"" rating on shares of Progressive in a research report on Friday, October 31st. BMO Capital Markets reiterated a ""market perform"" rating on shares of Progressive in a research note on Monday, November 3rd. Finally, Wall Street Zen downgraded shares of Progressive from a ""buy"" rating to a ""hold"" rating in a research note on Sunday, September 21st. Seven research analysts have rated the stock with a Buy rating, twelve have assigned a Hold rating and one has assigned a Sell rating to the company's stock. According to MarketBeat.com, Progressive presently has a consensus rating of ""Hold"" and an average target price of $266.46.
Get Our Latest Stock Analysis on Progressive
Insider Activity at Progressive
In other news, insider Steven Broz sold 1,345 shares of the business's stock in a transaction on Tuesday, November 11th. The shares were sold at an average price of $220.00, for a total transaction of $295,900.00. Following the sale, the insider directly owned 29,043 shares of the company's stock, valued at $6,389,460. The trade was a 4.43% decrease in their ownership of the stock. The sale was disclosed in a filing with the Securities & Exchange Commission, which is available through this hyperlink. Also, CEO Susan Patricia Griffith sold 30,659 shares of the firm's stock in a transaction on Tuesday, September 2nd. The stock was sold at an average price of $246.06, for a total value of $7,543,953.54. Following the completion of the transaction, the chief executive officer owned 476,286 shares of the company's stock, valued at $117,194,933.16. This trade represents a 6.05% decrease in their position. The disclosure for this sale is available in the SEC filing. Insiders sold a total of 51,782 shares of company stock worth $12,708,788 in the last quarter. 0.33% of the stock is currently owned by company insiders.
Progressive Profile
(
Free Report)
The Progressive Corporation, an insurance holding company, provides personal and commercial auto, personal residential and commercial property, business related general liability, and other specialty property-casualty insurance products and related services in the United States. It operates in three segments: Personal Lines, Commercial Lines, and Property.
Read More
Want to see what other hedge funds are holding PGR? Visit HoldingsChannel.com to get the latest 13F filings and insider trades for The Progressive Corporation (NYSE:PGR - Free Report).
This instant news alert was generated by narrative science technology and financial data from MarketBeat in order to provide readers with the fastest reporting and unbiased coverage. Please send any questions or comments about this story to contact@marketbeat.com.
Before you consider Progressive, you'll want to hear this.
MarketBeat keeps track of Wall Street's top-rated and best performing research analysts and the stocks they recommend to their clients on a daily basis. MarketBeat has identified the five stocks that top analysts are quietly whispering to their clients to buy now before the broader market catches on... and Progressive wasn't on the list.
While Progressive currently has a Hold rating among analysts, top-rated analysts believe these five stocks are better buys.
View The Five Stocks Here
Discover the 10 Best High-Yield Dividend Stocks for 2025 and secure reliable income in uncertain markets. Download the report now to identify top dividend payers and avoid common yield traps.
Get This Free Report
Like this article? Share it with a colleague.
Link copied to clipboard.",null,null,null,null
